alias	linkerSequence	bcSeq	gender	primer	ltrBit	largeLTRFrag	vectorSeq
DA1	TGACCCTTCGGATTTACCCGNNNNNNNNNNNNCTCCGCTTAAGGGACT	GGATCGCAGATC	m	CCTCGGG	GGTCTTTCA	TGAAAGACCCCCGAGGTGGGCAGTCAATCAATCTGAGGAGACC	vectorseq_psrs_mirfp.fa
DA2	TGACCCTTCGGATTTACCCGNNNNNNNNNNNNCTCCGCTTAAGGGACT	GCTGATGAGCTG	m	CCTCGGG	GGTCTTTCA	TGAAAGACCCCCGAGGTGGGCAGTCAATCAATCTGAGGAGACC	vectorseq_psrs_mirfp.fa
DA3	TGACCCTTCGGATTTACCCGNNNNNNNNNNNNCTCCGCTTAAGGGACT	AGCTGTTGTTTG	m	CCTCGGG	GGTCTTTCA	TGAAAGACCCCCGAGGTGGGCAGTCAATCAATCTGAGGAGACC	vectorseq_psrs_mirfp.fa
DA4	TGACCCTTCGGATTTACCCGNNNNNNNNNNNNCTCCGCTTAAGGGACT	GGATGGTGTTGC	m	CCTCGGG	GGTCTTTCA	TGAAAGACCCCCGAGGTGGGCAGTCAATCAATCTGAGGAGACC	vectorseq_psrs_mirfp.fa
DA5	TGACCCTTCGGATTTACCCGNNNNNNNNNNNNCTCCGCTTAAGGGACT	GCGATATATCGC	m	CCTCGGG	GGTCTTTCA	TGAAAGACCCCCGAGGTGGGCAGTCAATCAATCTGAGGAGACC	vectorseq_psrs_mirfp.fa
DA6	TGACCCTTCGGATTTACCCGNNNNNNNNNNNNCTCCGCTTAAGGGACT	TAGGATTGCTCG	m	CCTCGGG	GGTCTTTCA	TGAAAGACCCCCGAGGTGGGCAGTCAATCAATCTGAGGAGACC	vectorseq_psrs_mirfp.fa
DA7	TGACCCTTCGGATTTACCCGNNNNNNNNNNNNCTCCGCTTAAGGGACT	ATGTGCACGACT	m	CCTCGGG	GGTCTTTCA	TGAAAGACCCCCGAGGTGGGCAGTCAATCAATCTGAGGAGACC	vectorseq_psrs_mirfp.fa
DA8	TGACCCTTCGGATTTACCCGNNNNNNNNNNNNCTCCGCTTAAGGGACT	ACGCGCAGATAC	m	CCTCGGG	GGTCTTTCA	TGAAAGACCCCCGAGGTGGGCAGTCAATCAATCTGAGGAGACC	vectorseq_psrs_mirfp.fa
DA9	TGACCCTTCGGATTTACCCGNNNNNNNNNNNNCTCCGCTTAAGGGACT	GACTTTCCCTCG	m	CCTCGGG	GGTCTTTCA	TGAAAGACCCCCGAGGTGGGCAGTCAATCAATCTGAGGAGACC	vectorseq_psrs_mirfp.fa
DA10	TGACCCTTCGGATTTACCCGNNNNNNNNNNNNCTCCGCTTAAGGGACT	ATCCCGAATTTG	m	CCTCGGG	GGTCTTTCA	TGAAAGACCCCCGAGGTGGGCAGTCAATCAATCTGAGGAGACC	vectorseq_psrs_mirfp.fa
DA11	TGACCCTTCGGATTTACCCGNNNNNNNNNNNNCTCCGCTTAAGGGACT	GTTGGTCAATCT	m	CCTCGGG	GGTCTTTCA	TGAAAGACCCCCGAGGTGGGCAGTCAATCAATCTGAGGAGACC	vectorseq_psrs_mirfp.fa
DA12	TGACCCTTCGGATTTACCCGNNNNNNNNNNNNCTCCGCTTAAGGGACT	TAGCTCGTAACT	m	CCTCGGG	GGTCTTTCA	TGAAAGACCCCCGAGGTGGGCAGTCAATCAATCTGAGGAGACC	vectorseq_psrs_mirfp.fa
DA13	TGACCCTTCGGATTTACCCGNNNNNNNNNNNNCTCCGCTTAAGGGACT	CAGTGCATATGC	m	CCTCGGG	GGTCTTTCA	TGAAAGACCCCCGAGGTGGGCAGTCAATCAATCTGAGGAGACC	vectorseq_psrs_mirfp.fa
DA14	TGACCCTTCGGATTTACCCGNNNNNNNNNNNNCTCCGCTTAAGGGACT	TCACGGGAGTTG	m	CCTCGGG	GGTCTTTCA	TGAAAGACCCCCGAGGTGGGCAGTCAATCAATCTGAGGAGACC	vectorseq_psrs_mirfp.fa
DA15	TGACCCTTCGGATTTACCCGNNNNNNNNNNNNCTCCGCTTAAGGGACT	CTGCTAACGCAA	m	CCTCGGG	GGTCTTTCA	TGAAAGACCCCCGAGGTGGGCAGTCAATCAATCTGAGGAGACC	vectorseq_psrs_mirfp.fa

