alias,linkerSequence,bcSeq,gender,primer,ltrBit,largeLTRFrag,vectorSeq,refGenome
GTSP1724-1,GTAGGTACCGTTGTAGGCCTNNNNNNNNNNNNCTCCGCTTAAGGGACT,CAGTACGATCTT,m,GAAAATC,TCTAGCA,TGCTAGAGATTTTCCACACTGACTAAAAGGGTCT,vector_WasLenti.fa,hg18
GTSP1724-2,GTAGGTACCGTTGTAGGCCTNNNNNNNNNNNNCTCCGCTTAAGGGACT,TGGAAGATGAGT,m,GAAAATC,TCTAGCA,TGCTAGAGATTTTCCACACTGACTAAAAGGGTCT,vector_WasLenti.fa,hg18
GTSP1724-3,GTAGGTACCGTTGTAGGCCTNNNNNNNNNNNNCTCCGCTTAAGGGACT,GAACTGTATCTC,m,GAAAATC,TCTAGCA,TGCTAGAGATTTTCCACACTGACTAAAAGGGTCT,vector_WasLenti.fa,hg18
GTSP1724-4,GTAGGTACCGTTGTAGGCCTNNNNNNNNNNNNCTCCGCTTAAGGGACT,TGGGATGCATGC,m,GAAAATC,TCTAGCA,TGCTAGAGATTTTCCACACTGACTAAAAGGGTCT,vector_WasLenti.fa,hg18
GTSP1725-1,AACCGAGATGTGATCGGACGNNNNNNNNNNNNCTCCGCTTAAGGGACT,CTCGATTAGATC,m,GAAAATC,TCTAGCA,TGCTAGAGATTTTCCACACTGACTAAAAGGGTCT,vector_WasLenti.fa,hg18
GTSP1725-2,AACCGAGATGTGATCGGACGNNNNNNNNNNNNCTCCGCTTAAGGGACT,CGGCGCAAGATT,m,GAAAATC,TCTAGCA,TGCTAGAGATTTTCCACACTGACTAAAAGGGTCT,vector_WasLenti.fa,hg18
GTSP1725-3,AACCGAGATGTGATCGGACGNNNNNNNNNNNNCTCCGCTTAAGGGACT,GATGGGATTTCC,m,GAAAATC,TCTAGCA,TGCTAGAGATTTTCCACACTGACTAAAAGGGTCT,vector_WasLenti.fa,hg18
GTSP1725-4,AACCGAGATGTGATCGGACGNNNNNNNNNNNNCTCCGCTTAAGGGACT,GTATTGACGGTC,m,GAAAATC,TCTAGCA,TGCTAGAGATTTTCCACACTGACTAAAAGGGTCT,vector_WasLenti.fa,hg18
GTSP1726-1,GCATCCGTCCTTATTCGGGANNNNNNNNNNNNCTCCGCTTAAGGGACT,AAGCCGTTCCAA,m,GAAAATC,TCTAGCA,TGCTAGAGATTTTCCACACTGACTAAAAGGGTCT,vector_WasLenti.fa,hg18
GTSP1726-2,GCATCCGTCCTTATTCGGGANNNNNNNNNNNNCTCCGCTTAAGGGACT,TCGGACCTAGGA,m,GAAAATC,TCTAGCA,TGCTAGAGATTTTCCACACTGACTAAAAGGGTCT,vector_WasLenti.fa,hg18
GTSP1726-3,GCATCCGTCCTTATTCGGGANNNNNNNNNNNNCTCCGCTTAAGGGACT,TGATAGTGAGGA,m,GAAAATC,TCTAGCA,TGCTAGAGATTTTCCACACTGACTAAAAGGGTCT,vector_WasLenti.fa,hg18
GTSP1726-4,GCATCCGTCCTTATTCGGGANNNNNNNNNNNNCTCCGCTTAAGGGACT,AGTACTGCAGGC,m,GAAAATC,TCTAGCA,TGCTAGAGATTTTCCACACTGACTAAAAGGGTCT,vector_WasLenti.fa,hg18
UninfectedControl-170929-1,GGAAATCATTGCCGTCCAGCNNNNNNNNNNNNCTCCGCTTAAGGGACT,GTGAACTTGGGC,m,GAAAATC,TCTAGCA,TGCTAGAGATTTTCCACACTGACTAAAAGGGTCT,vector_WasLenti.fa,hg18
UninfectedControl-170929-2,GGAAATCATTGCCGTCCAGCNNNNNNNNNNNNCTCCGCTTAAGGGACT,CCTCCTCTTTAT,m,GAAAATC,TCTAGCA,TGCTAGAGATTTTCCACACTGACTAAAAGGGTCT,vector_WasLenti.fa,hg18
UninfectedControl-170929-3,GGAAATCATTGCCGTCCAGCNNNNNNNNNNNNCTCCGCTTAAGGGACT,AAGATTCGGCGC,m,GAAAATC,TCTAGCA,TGCTAGAGATTTTCCACACTGACTAAAAGGGTCT,vector_WasLenti.fa,hg18
UninfectedControl-170929-4,GGAAATCATTGCCGTCCAGCNNNNNNNNNNNNCTCCGCTTAAGGGACT,GCATGCTGGGAT,m,GAAAATC,TCTAGCA,TGCTAGAGATTTTCCACACTGACTAAAAGGGTCT,vector_WasLenti.fa,hg18
NoTemplateControl-170929-1,CGCCAATTGAGACTACACCCNNNNNNNNNNNNCTCCGCTTAAGGGACT,TTGTCTGGAAGC,m,GAAAATC,TCTAGCA,TGCTAGAGATTTTCCACACTGACTAAAAGGGTCT,vector_WasLenti.fa,hg18
NoTemplateControl-170929-2,CGCCAATTGAGACTACACCCNNNNNNNNNNNNCTCCGCTTAAGGGACT,TCAGGACTGTGT,m,GAAAATC,TCTAGCA,TGCTAGAGATTTTCCACACTGACTAAAAGGGTCT,vector_WasLenti.fa,hg18
NoTemplateControl-170929-3,CGCCAATTGAGACTACACCCNNNNNNNNNNNNCTCCGCTTAAGGGACT,GCGCCGTATAAT,m,GAAAATC,TCTAGCA,TGCTAGAGATTTTCCACACTGACTAAAAGGGTCT,vector_WasLenti.fa,hg18
NoTemplateControl-170929-4,CGCCAATTGAGACTACACCCNNNNNNNNNNNNCTCCGCTTAAGGGACT,TGCCATCTGAAT,m,GAAAATC,TCTAGCA,TGCTAGAGATTTTCCACACTGACTAAAAGGGTCT,vector_WasLenti.fa,hg18
