alias,linkerSequence,bcSeq,,,,,
GTSP3171-1,ACTTAAACTTCCGCATGGCGTNNNNNNNNNNNNCTCCGCTTAAGGGACT,AAGCTTGAAACC,,,,,
GTSP3172-1,TGACCCTTCGGATTTACCCGNNNNNNNNNNNNCTCCGCTTAAGGGACT,TAAGCGTCTCGA,,,,,
GTSP3173-1,GTTGCCGACTTAACACTGCCNNNNNNNNNNNNCTCCGCTTAAGGGACT,ATAGCTTCGTGG,,,,,
GTSP3174-1,CGGCTTACAATTCCTGCGACNNNNNNNNNNNNCTCCGCTTAAGGGACT,CGGGATCAAATT,,,,,
GTSP3175-1,GAACGAGCACTAGTAAGCCCNNNNNNNNNNNNCTCCGCTTAAGGGACT,AGTCATCGAATG,,,,,
GTSP3176-1,GTAGGTACCGTTGTAGGCCTNNNNNNNNNNNNCTCCGCTTAAGGGACT,ATCTTGGAGTCG,,,,,
GTSP3177-1,AACCGAGATGTGATCGGACGNNNNNNNNNNNNCTCCGCTTAAGGGACT,AGCACCGGTCTT,,,,,
GTSP3178-1,GCATCCGTCCTTATTCGGGANNNNNNNNNNNNCTCCGCTTAAGGGACT,GCAAATCAGCCT,,,,,
GTSP3179-1,GGAAATCATTGCCGTCCAGCNNNNNNNNNNNNCTCCGCTTAAGGGACT,AAGCTTGAAACC,,,,,
GTSP3180-1,CGCCAATTGAGACTACACCCNNNNNNNNNNNNCTCCGCTTAAGGGACT,TAAGCGTCTCGA,,,,,
GTSP3181-1,GAAGGAGGAGATAACGCTGCNNNNNNNNNNNNCTCCGCTTAAGGGACT,ATAGCTTCGTGG,,,,,
GTSP3182-1,GACAGACTTGTTGGTCGTCCNNNNNNNNNNNNCTCCGCTTAAGGGACT,CGGGATCAAATT,,,,,
UninfectedControl-20191002-1,TCGAAAGGGCATCAACGCGANNNNNNNNNNNNCTCCGCTTAAGGGACT,AGTCATCGAATG,,,,,
NoTemplateControl-20191002-1,AGCAGGTCCGAAATTCTCGGNNNNNNNNNNNNCTCCGCTTAAGGGACT,ATCTTGGAGTCG,,,,,
