sample_name,I7_Index_ID,index,I5_Index_ID,index2,barcode_sequence,primer_sequence,linker_sequence
TTV1,N716-B,ACTCGCTA,S502-B,CTCTCTAT,ACTCGCTACTCTCTAT,TTT,TTT
TTV2,N718-B,GGAGCTAC,S503-B,TATCCTCT,GGAGCTACTATCCTCT,TTT,TTT
TTV3,N719-B,GCGTAGTA,S505-B,GTAAGGAG,GCGTAGTAGTAAGGAG,TTT,TTT
TTV4,N720-B,CGGAGCCT,S506-B,ACTGCATA,CGGAGCCTACTGCATA,TTT,TTT
TTV5,N721-B,TACGCTGC,S507-B,AAGGAGTA,TACGCTGCAAGGAGTA,TTT,TTT
TTV6,N722-B,ATGCGCAG,S508-B,CTAAGCCT,ATGCGCAGCTAAGCCT,TTT,TTT
TTV7,N723-B,TAGCGCTC,S510-B,CGTCTAAT,TAGCGCTCCGTCTAAT,TTT,TTT
TTV8,N724-B,ACTGAGCG,S511-B,TCTCTCCG,ACTGAGCGTCTCTCCG,TTT,TTT
TTV9,N726-B,CCTAAGAC,S517-D,GCGTAAGA,CCTAAGACGCGTAAGA,TTT,TTT
TTV10,N727-B,CGATCAGT,S516-D,CCTAGAGT,CGATCAGTCCTAGAGT,TTT,TTT
H20NegCtrl,N728-B,TGCAGCTA,S515-D,TTCTAGCT,TGCAGCTATTCTAGCT,TTT,TTT
NTC,N729-B,TCGACGTC,S513-D,TCGACTAG,TCGACGTCTCGACTAG,TTT,TTT
Nextera_Neg,N705-N,GGACTCCT,S518-D,CTATTAAG,GGACTCCTCTATTAAG,TTT,TTT
