alias,linkerSequence,bcSeq,gender,primer,ltrBit,largeLTRFrag,vectorSeq,refGenome,
GTSP0981-1,CCGAGATAGTCCGTTGGGATNNNNNNNNNNNNCTCCGCTTAAGGGACT,ACCAAGGGCACT,m,GAAAATC,TCTAGCA,TGCTAGAGATTTTCCACACTGACTAAAAGGGTCT,vector_WasLenti.fa,hg18,
GTSP0981-2,CCGAGATAGTCCGTTGGGATNNNNNNNNNNNNCTCCGCTTAAGGGACT,TCACGTCGTTCC,m,GAAAATC,TCTAGCA,TGCTAGAGATTTTCCACACTGACTAAAAGGGTCT,vector_WasLenti.fa,hg18,
GTSP0981-3,CCGAGATAGTCCGTTGGGATNNNNNNNNNNNNCTCCGCTTAAGGGACT,CGACAGCTGACA,m,GAAAATC,TCTAGCA,TGCTAGAGATTTTCCACACTGACTAAAAGGGTCT,vector_WasLenti.fa,hg18,
GTSP0981-4,CCGAGATAGTCCGTTGGGATNNNNNNNNNNNNCTCCGCTTAAGGGACT,ATTCAGCACCAG,m,GAAAATC,TCTAGCA,TGCTAGAGATTTTCCACACTGACTAAAAGGGTCT,vector_WasLenti.fa,hg18,
GTSP0987-1,CGAACCCAGGCAATACTGTCNNNNNNNNNNNNCTCCGCTTAAGGGACT,TGCACCTCTGTC,m,GAAAATC,TCTAGCA,TGCTAGAGATTTTCCACACTGACTAAAAGGGTCT,vector_WasLenti.fa,hg18,
GTSP0987-2,CGAACCCAGGCAATACTGTCNNNNNNNNNNNNCTCCGCTTAAGGGACT,CAGTTGGTCTGA,m,GAAAATC,TCTAGCA,TGCTAGAGATTTTCCACACTGACTAAAAGGGTCT,vector_WasLenti.fa,hg18,
GTSP0987-3,CGAACCCAGGCAATACTGTCNNNNNNNNNNNNCTCCGCTTAAGGGACT,AGTCACATCACT,m,GAAAATC,TCTAGCA,TGCTAGAGATTTTCCACACTGACTAAAAGGGTCT,vector_WasLenti.fa,hg18,
GTSP0987-4,CGAACCCAGGCAATACTGTCNNNNNNNNNNNNCTCCGCTTAAGGGACT,AGAGTAGCTAAG,m,GAAAATC,TCTAGCA,TGCTAGAGATTTTCCACACTGACTAAAAGGGTCT,vector_WasLenti.fa,hg18,
GTSP1009-1,GTCAATACGACGTCCGTTCCNNNNNNNNNNNNCTCCGCTTAAGGGACT,GCTATGGACCGA,m,GAAAATC,TCTAGCA,TGCTAGAGATTTTCCACACTGACTAAAAGGGTCT,vector_WasLenti.fa,hg18,
GTSP1009-2,GTCAATACGACGTCCGTTCCNNNNNNNNNNNNCTCCGCTTAAGGGACT,GGAATAAACGTG,m,GAAAATC,TCTAGCA,TGCTAGAGATTTTCCACACTGACTAAAAGGGTCT,vector_WasLenti.fa,hg18,
GTSP1009-3,GTCAATACGACGTCCGTTCCNNNNNNNNNNNNCTCCGCTTAAGGGACT,CGTTTCCGTTTC,m,GAAAATC,TCTAGCA,TGCTAGAGATTTTCCACACTGACTAAAAGGGTCT,vector_WasLenti.fa,hg18,
GTSP1009-4,GTCAATACGACGTCCGTTCCNNNNNNNNNNNNCTCCGCTTAAGGGACT,CAAGACACGACC,m,GAAAATC,TCTAGCA,TGCTAGAGATTTTCCACACTGACTAAAAGGGTCT,vector_WasLenti.fa,hg18,
GTSP1010-1,TAGCCTGTTGCGTTCCGTGTNNNNNNNNNNNNCTCCGCTTAAGGGACT,TCTTAGACGACG,m,GAAAATC,TCTAGCA,TGCTAGAGATTTTCCACACTGACTAAAAGGGTCT,vector_WasLenti.fa,hg18,
GTSP1010-2,TAGCCTGTTGCGTTCCGTGTNNNNNNNNNNNNCTCCGCTTAAGGGACT,GGACAACGCTTG,m,GAAAATC,TCTAGCA,TGCTAGAGATTTTCCACACTGACTAAAAGGGTCT,vector_WasLenti.fa,hg18,
GTSP1010-3,TAGCCTGTTGCGTTCCGTGTNNNNNNNNNNNNCTCCGCTTAAGGGACT,CGGGCATAAGTC,m,GAAAATC,TCTAGCA,TGCTAGAGATTTTCCACACTGACTAAAAGGGTCT,vector_WasLenti.fa,hg18,
GTSP1010-4,TAGCCTGTTGCGTTCCGTGTNNNNNNNNNNNNCTCCGCTTAAGGGACT,GACTAACGTCAC,m,GAAAATC,TCTAGCA,TGCTAGAGATTTTCCACACTGACTAAAAGGGTCT,vector_WasLenti.fa,hg18,
GTSP1011-1,CGCAAGTAGACGCAAGGATGNNNNNNNNNNNNCTCCGCTTAAGGGACT,TTACCAAGACTC,m,GAAAATC,TCTAGCA,TGCTAGAGATTTTCCACACTGACTAAAAGGGTCT,vector_WasLenti.fa,hg18,
GTSP1011-2,CGCAAGTAGACGCAAGGATGNNNNNNNNNNNNCTCCGCTTAAGGGACT,GTTTGGCGACGA,m,GAAAATC,TCTAGCA,TGCTAGAGATTTTCCACACTGACTAAAAGGGTCT,vector_WasLenti.fa,hg18,
GTSP1011-3,CGCAAGTAGACGCAAGGATGNNNNNNNNNNNNCTCCGCTTAAGGGACT,GGCATGCATGTT,m,GAAAATC,TCTAGCA,TGCTAGAGATTTTCCACACTGACTAAAAGGGTCT,vector_WasLenti.fa,hg18,
GTSP1011-4,CGCAAGTAGACGCAAGGATGNNNNNNNNNNNNCTCCGCTTAAGGGACT,CACTCAACAGAC,m,GAAAATC,TCTAGCA,TGCTAGAGATTTTCCACACTGACTAAAAGGGTCT,vector_WasLenti.fa,hg18,
GTSP1012-1,GTCAGCACTATCGGACCATCNNNNNNNNNNNNCTCCGCTTAAGGGACT,GGACCGAACTCA,m,GAAAATC,TCTAGCA,TGCTAGAGATTTTCCACACTGACTAAAAGGGTCT,vector_WasLenti.fa,hg18,
GTSP1012-2,GTCAGCACTATCGGACCATCNNNNNNNNNNNNCTCCGCTTAAGGGACT,ATCGCCACGTAA,m,GAAAATC,TCTAGCA,TGCTAGAGATTTTCCACACTGACTAAAAGGGTCT,vector_WasLenti.fa,hg18,
GTSP1012-3,GTCAGCACTATCGGACCATCNNNNNNNNNNNNCTCCGCTTAAGGGACT,CGTGAGGCATTG,m,GAAAATC,TCTAGCA,TGCTAGAGATTTTCCACACTGACTAAAAGGGTCT,vector_WasLenti.fa,hg18,
GTSP1012-4,GTCAGCACTATCGGACCATCNNNNNNNNNNNNCTCCGCTTAAGGGACT,GTTATCCGTACA,m,GAAAATC,TCTAGCA,TGCTAGAGATTTTCCACACTGACTAAAAGGGTCT,vector_WasLenti.fa,hg18,
GTSP1013-1,ATCCTCGCAGGTACACGTTGNNNNNNNNNNNNCTCCGCTTAAGGGACT,GCCTAGTTGATT,m,GAAAATC,TCTAGCA,TGCTAGAGATTTTCCACACTGACTAAAAGGGTCT,vector_WasLenti.fa,hg18,
GTSP1013-2,ATCCTCGCAGGTACACGTTGNNNNNNNNNNNNCTCCGCTTAAGGGACT,ACTTGCCCTCAC,m,GAAAATC,TCTAGCA,TGCTAGAGATTTTCCACACTGACTAAAAGGGTCT,vector_WasLenti.fa,hg18,
GTSP1013-3,ATCCTCGCAGGTACACGTTGNNNNNNNNNNNNCTCCGCTTAAGGGACT,AATGAGCCCACG,m,GAAAATC,TCTAGCA,TGCTAGAGATTTTCCACACTGACTAAAAGGGTCT,vector_WasLenti.fa,hg18,
GTSP1013-4,ATCCTCGCAGGTACACGTTGNNNNNNNNNNNNCTCCGCTTAAGGGACT,GGATCTGGTACG,m,GAAAATC,TCTAGCA,TGCTAGAGATTTTCCACACTGACTAAAAGGGTCT,vector_WasLenti.fa,hg18,
GTSP1014-1,GATCAGCGTGGTCTAACCGANNNNNNNNNNNNCTCCGCTTAAGGGACT,CCGTCTAAACAT,m,GAAAATC,TCTAGCA,TGCTAGAGATTTTCCACACTGACTAAAAGGGTCT,vector_WasLenti.fa,hg18,
GTSP1014-2,GATCAGCGTGGTCTAACCGANNNNNNNNNNNNCTCCGCTTAAGGGACT,CACGTGACATGT,m,GAAAATC,TCTAGCA,TGCTAGAGATTTTCCACACTGACTAAAAGGGTCT,vector_WasLenti.fa,hg18,
GTSP1014-3,GATCAGCGTGGTCTAACCGANNNNNNNNNNNNCTCCGCTTAAGGGACT,CCAGCGCTAAAG,m,GAAAATC,TCTAGCA,TGCTAGAGATTTTCCACACTGACTAAAAGGGTCT,vector_WasLenti.fa,hg18,
GTSP1014-4,GATCAGCGTGGTCTAACCGANNNNNNNNNNNNCTCCGCTTAAGGGACT,CCGTAAGACCAG,m,GAAAATC,TCTAGCA,TGCTAGAGATTTTCCACACTGACTAAAAGGGTCT,vector_WasLenti.fa,hg18,
GTSP1015-1,GACAGACCGCAAACAGTTGGNNNNNNNNNNNNCTCCGCTTAAGGGACT,GTATTCGACTTG,m,GAAAATC,TCTAGCA,TGCTAGAGATTTTCCACACTGACTAAAAGGGTCT,vector_WasLenti.fa,hg18,
GTSP1015-2,GACAGACCGCAAACAGTTGGNNNNNNNNNNNNCTCCGCTTAAGGGACT,CCTCACACTTGC,m,GAAAATC,TCTAGCA,TGCTAGAGATTTTCCACACTGACTAAAAGGGTCT,vector_WasLenti.fa,hg18,
GTSP1015-3,GACAGACCGCAAACAGTTGGNNNNNNNNNNNNCTCCGCTTAAGGGACT,TGGTTGACCGAG,m,GAAAATC,TCTAGCA,TGCTAGAGATTTTCCACACTGACTAAAAGGGTCT,vector_WasLenti.fa,hg18,
GTSP1015-4,GACAGACCGCAAACAGTTGGNNNNNNNNNNNNCTCCGCTTAAGGGACT,CCGCAATAGGGT,m,GAAAATC,TCTAGCA,TGCTAGAGATTTTCCACACTGACTAAAAGGGTCT,vector_WasLenti.fa,hg18,
GTSP1016-1,ACGAGGCAAACACTGCGCATNNNNNNNNNNNNCTCCGCTTAAGGGACT,TAAACGAACGGA,m,GAAAATC,TCTAGCA,TGCTAGAGATTTTCCACACTGACTAAAAGGGTCT,vector_WasLenti.fa,hg18,
GTSP1016-2,ACGAGGCAAACACTGCGCATNNNNNNNNNNNNCTCCGCTTAAGGGACT,GGTTACGGTGGT,m,GAAAATC,TCTAGCA,TGCTAGAGATTTTCCACACTGACTAAAAGGGTCT,vector_WasLenti.fa,hg18,
GTSP1016-3,ACGAGGCAAACACTGCGCATNNNNNNNNNNNNCTCCGCTTAAGGGACT,AAGTGCGAAATG,m,GAAAATC,TCTAGCA,TGCTAGAGATTTTCCACACTGACTAAAAGGGTCT,vector_WasLenti.fa,hg18,
GTSP1016-4,ACGAGGCAAACACTGCGCATNNNNNNNNNNNNCTCCGCTTAAGGGACT,TCAGGCGCTTAA,m,GAAAATC,TCTAGCA,TGCTAGAGATTTTCCACACTGACTAAAAGGGTCT,vector_WasLenti.fa,hg18,
UninfectedControl-161006-1,TGACCCGATGCGTAAAGGCANNNNNNNNNNNNCTCCGCTTAAGGGACT,ATGAATCCCGCA,m,GAAAATC,TCTAGCA,TGCTAGAGATTTTCCACACTGACTAAAAGGGTCT,vector_WasLenti.fa,hg18,
UninfectedControl-161006-2,TGACCCGATGCGTAAAGGCANNNNNNNNNNNNCTCCGCTTAAGGGACT,CAACGCAGTTTG,m,GAAAATC,TCTAGCA,TGCTAGAGATTTTCCACACTGACTAAAAGGGTCT,vector_WasLenti.fa,hg18,
UninfectedControl-161006-3,TGACCCGATGCGTAAAGGCANNNNNNNNNNNNCTCCGCTTAAGGGACT,TTCCGAGTCTAA,m,GAAAATC,TCTAGCA,TGCTAGAGATTTTCCACACTGACTAAAAGGGTCT,vector_WasLenti.fa,hg18,
UninfectedControl-161006-4,TGACCCGATGCGTAAAGGCANNNNNNNNNNNNCTCCGCTTAAGGGACT,TCCCTATCGGTC,m,GAAAATC,TCTAGCA,TGCTAGAGATTTTCCACACTGACTAAAAGGGTCT,vector_WasLenti.fa,hg18,
NoTemplateControl-161006-1,CCGCGTGTCTTAACAGTCGTNNNNNNNNNNNNCTCCGCTTAAGGGACT,CTTCAGTTCGCC,m,GAAAATC,TCTAGCA,TGCTAGAGATTTTCCACACTGACTAAAAGGGTCT,vector_WasLenti.fa,hg18,
NoTemplateControl-161006-2,CCGCGTGTCTTAACAGTCGTNNNNNNNNNNNNCTCCGCTTAAGGGACT,GTGATAGTGCCG,m,GAAAATC,TCTAGCA,TGCTAGAGATTTTCCACACTGACTAAAAGGGTCT,vector_WasLenti.fa,hg18,
NoTemplateControl-161006-3,CCGCGTGTCTTAACAGTCGTNNNNNNNNNNNNCTCCGCTTAAGGGACT,ACTCCACCACCT,m,GAAAATC,TCTAGCA,TGCTAGAGATTTTCCACACTGACTAAAAGGGTCT,vector_WasLenti.fa,hg18,
NoTemplateControl-161006-4,CCGCGTGTCTTAACAGTCGTNNNNNNNNNNNNCTCCGCTTAAGGGACT,CGTTCTGGGAAT,m,GAAAATC,TCTAGCA,TGCTAGAGATTTTCCACACTGACTAAAAGGGTCT,vector_WasLenti.fa,hg18,
