alias,linkerSequence,bcSeq,gender,primer,ltrBit,largeLTRFrag,linkerCommon,vectorSeq
GTSP0011-1,CGGCTTACAATTCCTGCGACNNNNNNNNNNNNCTCCGCTTAAGGGACT,GGAGTACAGCCT,m,CCTCGGG,GGTCTTTCA,TGAAAGACCCCCGAGGTGGGCAGTCAATCAATCT,AGTCCCTTAAGCGGAG,SCIDn2_gretro_vector.fa
GTSP0011-2,CGGCTTACAATTCCTGCGACNNNNNNNNNNNNCTCCGCTTAAGGGACT,TGTTCTCTTCCG,m,CCTCGGG,GGTCTTTCA,TGAAAGACCCCCGAGGTGGGCAGTCAATCAATCT,AGTCCCTTAAGCGGAG,SCIDn2_gretro_vector.fa
GTSP0011-3,CGGCTTACAATTCCTGCGACNNNNNNNNNNNNCTCCGCTTAAGGGACT,GTATATCCGCAG,m,CCTCGGG,GGTCTTTCA,TGAAAGACCCCCGAGGTGGGCAGTCAATCAATCT,AGTCCCTTAAGCGGAG,SCIDn2_gretro_vector.fa
GTSP0011-4,CGGCTTACAATTCCTGCGACNNNNNNNNNNNNCTCCGCTTAAGGGACT,AACGCACGCTAG,m,CCTCGGG,GGTCTTTCA,TGAAAGACCCCCGAGGTGGGCAGTCAATCAATCT,AGTCCCTTAAGCGGAG,SCIDn2_gretro_vector.fa
GTSP0021-1,GAACGAGCACTAGTAAGCCCNNNNNNNNNNNNCTCCGCTTAAGGGACT,GTTCTACATGGT,m,CCTCGGG,GGTCTTTCA,TGAAAGACCCCCGAGGTGGGCAGTCAATCAATCT,AGTCCCTTAAGCGGAG,SCIDn2_gretro_vector.fa
GTSP0021-2,GAACGAGCACTAGTAAGCCCNNNNNNNNNNNNCTCCGCTTAAGGGACT,TGCTGTGAGCTA,m,CCTCGGG,GGTCTTTCA,TGAAAGACCCCCGAGGTGGGCAGTCAATCAATCT,AGTCCCTTAAGCGGAG,SCIDn2_gretro_vector.fa
GTSP0021-3,GAACGAGCACTAGTAAGCCCNNNNNNNNNNNNCTCCGCTTAAGGGACT,ACGACCCAAGAC,m,CCTCGGG,GGTCTTTCA,TGAAAGACCCCCGAGGTGGGCAGTCAATCAATCT,AGTCCCTTAAGCGGAG,SCIDn2_gretro_vector.fa
GTSP0021-4,GAACGAGCACTAGTAAGCCCNNNNNNNNNNNNCTCCGCTTAAGGGACT,AGCTCCATACAG,m,CCTCGGG,GGTCTTTCA,TGAAAGACCCCCGAGGTGGGCAGTCAATCAATCT,AGTCCCTTAAGCGGAG,SCIDn2_gretro_vector.fa
GTSP0124-1,GTAGGTACCGTTGTAGGCCTNNNNNNNNNNNNCTCCGCTTAAGGGACT,TTCGAGTTGCAT,m,CCTCGGG,GGTCTTTCA,TGAAAGACCCCCGAGGTGGGCAGTCAATCAATCT,AGTCCCTTAAGCGGAG,SCIDn2_gretro_vector.fa
GTSP0124-2,GTAGGTACCGTTGTAGGCCTNNNNNNNNNNNNCTCCGCTTAAGGGACT,TGCGTCAGTTAG,m,CCTCGGG,GGTCTTTCA,TGAAAGACCCCCGAGGTGGGCAGTCAATCAATCT,AGTCCCTTAAGCGGAG,SCIDn2_gretro_vector.fa
GTSP0124-3,GTAGGTACCGTTGTAGGCCTNNNNNNNNNNNNCTCCGCTTAAGGGACT,GCACAGGACGTT,m,CCTCGGG,GGTCTTTCA,TGAAAGACCCCCGAGGTGGGCAGTCAATCAATCT,AGTCCCTTAAGCGGAG,SCIDn2_gretro_vector.fa
GTSP0124-4,GTAGGTACCGTTGTAGGCCTNNNNNNNNNNNNCTCCGCTTAAGGGACT,TCCACGTCGTCT,m,CCTCGGG,GGTCTTTCA,TGAAAGACCCCCGAGGTGGGCAGTCAATCAATCT,AGTCCCTTAAGCGGAG,SCIDn2_gretro_vector.fa
GTSP0159-1,AACCGAGATGTGATCGGACGNNNNNNNNNNNNCTCCGCTTAAGGGACT,TATCGGAACCTT,m,CCTCGGG,GGTCTTTCA,TGAAAGACCCCCGAGGTGGGCAGTCAATCAATCT,AGTCCCTTAAGCGGAG,SCIDn2_gretro_vector.fa
GTSP0159-2,AACCGAGATGTGATCGGACGNNNNNNNNNNNNCTCCGCTTAAGGGACT,CCACCAGAAACT,m,CCTCGGG,GGTCTTTCA,TGAAAGACCCCCGAGGTGGGCAGTCAATCAATCT,AGTCCCTTAAGCGGAG,SCIDn2_gretro_vector.fa
GTSP0159-3,AACCGAGATGTGATCGGACGNNNNNNNNNNNNCTCCGCTTAAGGGACT,TAGCAGGAGGAA,m,CCTCGGG,GGTCTTTCA,TGAAAGACCCCCGAGGTGGGCAGTCAATCAATCT,AGTCCCTTAAGCGGAG,SCIDn2_gretro_vector.fa
GTSP0159-4,AACCGAGATGTGATCGGACGNNNNNNNNNNNNCTCCGCTTAAGGGACT,CCGACTGAGATG,m,CCTCGGG,GGTCTTTCA,TGAAAGACCCCCGAGGTGGGCAGTCAATCAATCT,AGTCCCTTAAGCGGAG,SCIDn2_gretro_vector.fa
GTSP0214-1,GCATCCGTCCTTATTCGGGANNNNNNNNNNNNCTCCGCTTAAGGGACT,AGTCTCGCATAT,m,CCTCGGG,GGTCTTTCA,TGAAAGACCCCCGAGGTGGGCAGTCAATCAATCT,AGTCCCTTAAGCGGAG,SCIDn2_gretro_vector.fa
GTSP0214-2,GCATCCGTCCTTATTCGGGANNNNNNNNNNNNCTCCGCTTAAGGGACT,ACAGCAGTGGTC,m,CCTCGGG,GGTCTTTCA,TGAAAGACCCCCGAGGTGGGCAGTCAATCAATCT,AGTCCCTTAAGCGGAG,SCIDn2_gretro_vector.fa
GTSP0214-3,GCATCCGTCCTTATTCGGGANNNNNNNNNNNNCTCCGCTTAAGGGACT,CGGAGTGTCTAT,m,CCTCGGG,GGTCTTTCA,TGAAAGACCCCCGAGGTGGGCAGTCAATCAATCT,AGTCCCTTAAGCGGAG,SCIDn2_gretro_vector.fa
GTSP0214-4,GCATCCGTCCTTATTCGGGANNNNNNNNNNNNCTCCGCTTAAGGGACT,AATCGGCGATTC,m,CCTCGGG,GGTCTTTCA,TGAAAGACCCCCGAGGTGGGCAGTCAATCAATCT,AGTCCCTTAAGCGGAG,SCIDn2_gretro_vector.fa
GTSP0217-1,GGAAATCATTGCCGTCCAGCNNNNNNNNNNNNCTCCGCTTAAGGGACT,AGGAGCCTTCTA,m,CCTCGGG,GGTCTTTCA,TGAAAGACCCCCGAGGTGGGCAGTCAATCAATCT,AGTCCCTTAAGCGGAG,SCIDn2_gretro_vector.fa
GTSP0217-2,GGAAATCATTGCCGTCCAGCNNNNNNNNNNNNCTCCGCTTAAGGGACT,TCTAGTTAGTCG,m,CCTCGGG,GGTCTTTCA,TGAAAGACCCCCGAGGTGGGCAGTCAATCAATCT,AGTCCCTTAAGCGGAG,SCIDn2_gretro_vector.fa
GTSP0217-3,GGAAATCATTGCCGTCCAGCNNNNNNNNNNNNCTCCGCTTAAGGGACT,TACTCGGTTGTA,m,CCTCGGG,GGTCTTTCA,TGAAAGACCCCCGAGGTGGGCAGTCAATCAATCT,AGTCCCTTAAGCGGAG,SCIDn2_gretro_vector.fa
GTSP0217-4,GGAAATCATTGCCGTCCAGCNNNNNNNNNNNNCTCCGCTTAAGGGACT,TGCTACCATGAG,m,CCTCGGG,GGTCTTTCA,TGAAAGACCCCCGAGGTGGGCAGTCAATCAATCT,AGTCCCTTAAGCGGAG,SCIDn2_gretro_vector.fa
GTSP0218-1,CGCCAATTGAGACTACACCCNNNNNNNNNNNNCTCCGCTTAAGGGACT,AAGCGTGTCGTT,m,CCTCGGG,GGTCTTTCA,TGAAAGACCCCCGAGGTGGGCAGTCAATCAATCT,AGTCCCTTAAGCGGAG,SCIDn2_gretro_vector.fa
GTSP0218-2,CGCCAATTGAGACTACACCCNNNNNNNNNNNNCTCCGCTTAAGGGACT,TATTCAGCCAGG,m,CCTCGGG,GGTCTTTCA,TGAAAGACCCCCGAGGTGGGCAGTCAATCAATCT,AGTCCCTTAAGCGGAG,SCIDn2_gretro_vector.fa
GTSP0218-3,CGCCAATTGAGACTACACCCNNNNNNNNNNNNCTCCGCTTAAGGGACT,TTCACATCCGAA,m,CCTCGGG,GGTCTTTCA,TGAAAGACCCCCGAGGTGGGCAGTCAATCAATCT,AGTCCCTTAAGCGGAG,SCIDn2_gretro_vector.fa
GTSP0218-4,CGCCAATTGAGACTACACCCNNNNNNNNNNNNCTCCGCTTAAGGGACT,AGTCGGACCTAG,m,CCTCGGG,GGTCTTTCA,TGAAAGACCCCCGAGGTGGGCAGTCAATCAATCT,AGTCCCTTAAGCGGAG,SCIDn2_gretro_vector.fa
GTSP0219-1,GAAGGAGGAGATAACGCTGCNNNNNNNNNNNNCTCCGCTTAAGGGACT,GGTACGGGATCT,m,CCTCGGG,GGTCTTTCA,TGAAAGACCCCCGAGGTGGGCAGTCAATCAATCT,AGTCCCTTAAGCGGAG,SCIDn2_gretro_vector.fa
GTSP0219-2,GAAGGAGGAGATAACGCTGCNNNNNNNNNNNNCTCCGCTTAAGGGACT,CGATGCACCAGA,m,CCTCGGG,GGTCTTTCA,TGAAAGACCCCCGAGGTGGGCAGTCAATCAATCT,AGTCCCTTAAGCGGAG,SCIDn2_gretro_vector.fa
GTSP0219-3,GAAGGAGGAGATAACGCTGCNNNNNNNNNNNNCTCCGCTTAAGGGACT,TTGAACCAGCTG,m,CCTCGGG,GGTCTTTCA,TGAAAGACCCCCGAGGTGGGCAGTCAATCAATCT,AGTCCCTTAAGCGGAG,SCIDn2_gretro_vector.fa
GTSP0219-4,GAAGGAGGAGATAACGCTGCNNNNNNNNNNNNCTCCGCTTAAGGGACT,TGACAATCCAGC,m,CCTCGGG,GGTCTTTCA,TGAAAGACCCCCGAGGTGGGCAGTCAATCAATCT,AGTCCCTTAAGCGGAG,SCIDn2_gretro_vector.fa
GTSP0220-1,GACAGACTTGTTGGTCGTCCNNNNNNNNNNNNCTCCGCTTAAGGGACT,CCAGAAACAAGA,m,CCTCGGG,GGTCTTTCA,TGAAAGACCCCCGAGGTGGGCAGTCAATCAATCT,AGTCCCTTAAGCGGAG,SCIDn2_gretro_vector.fa
GTSP0220-2,GACAGACTTGTTGGTCGTCCNNNNNNNNNNNNCTCCGCTTAAGGGACT,TGGCTTGTTCAA,m,CCTCGGG,GGTCTTTCA,TGAAAGACCCCCGAGGTGGGCAGTCAATCAATCT,AGTCCCTTAAGCGGAG,SCIDn2_gretro_vector.fa
GTSP0220-3,GACAGACTTGTTGGTCGTCCNNNNNNNNNNNNCTCCGCTTAAGGGACT,GCATTAACCTGG,m,CCTCGGG,GGTCTTTCA,TGAAAGACCCCCGAGGTGGGCAGTCAATCAATCT,AGTCCCTTAAGCGGAG,SCIDn2_gretro_vector.fa
GTSP0220-4,GACAGACTTGTTGGTCGTCCNNNNNNNNNNNNCTCCGCTTAAGGGACT,AGAGGTACGAAT,m,CCTCGGG,GGTCTTTCA,TGAAAGACCCCCGAGGTGGGCAGTCAATCAATCT,AGTCCCTTAAGCGGAG,SCIDn2_gretro_vector.fa
GTSP0336-1,TCGAAAGGGCATCAACGCGANNNNNNNNNNNNCTCCGCTTAAGGGACT,TCTGGAACGCTA,m,CCTCGGG,GGTCTTTCA,TGAAAGACCCCCGAGGTGGGCAGTCAATCAATCT,AGTCCCTTAAGCGGAG,SCIDn2_gretro_vector.fa
GTSP0336-2,TCGAAAGGGCATCAACGCGANNNNNNNNNNNNCTCCGCTTAAGGGACT,GAACACTTCTGG,m,CCTCGGG,GGTCTTTCA,TGAAAGACCCCCGAGGTGGGCAGTCAATCAATCT,AGTCCCTTAAGCGGAG,SCIDn2_gretro_vector.fa
GTSP0336-3,TCGAAAGGGCATCAACGCGANNNNNNNNNNNNCTCCGCTTAAGGGACT,CCAGATGATCGT,m,CCTCGGG,GGTCTTTCA,TGAAAGACCCCCGAGGTGGGCAGTCAATCAATCT,AGTCCCTTAAGCGGAG,SCIDn2_gretro_vector.fa
GTSP0336-4,TCGAAAGGGCATCAACGCGANNNNNNNNNNNNCTCCGCTTAAGGGACT,CTCATGTACAGT,m,CCTCGGG,GGTCTTTCA,TGAAAGACCCCCGAGGTGGGCAGTCAATCAATCT,AGTCCCTTAAGCGGAG,SCIDn2_gretro_vector.fa
GTSP0360-1,AGCAGGTCCGAAATTCTCGGNNNNNNNNNNNNCTCCGCTTAAGGGACT,TAAGTCCGGGCA,m,CCTCGGG,GGTCTTTCA,TGAAAGACCCCCGAGGTGGGCAGTCAATCAATCT,AGTCCCTTAAGCGGAG,SCIDn2_gretro_vector.fa
GTSP0360-2,AGCAGGTCCGAAATTCTCGGNNNNNNNNNNNNCTCCGCTTAAGGGACT,CACGTACGGGAT,m,CCTCGGG,GGTCTTTCA,TGAAAGACCCCCGAGGTGGGCAGTCAATCAATCT,AGTCCCTTAAGCGGAG,SCIDn2_gretro_vector.fa
GTSP0360-3,AGCAGGTCCGAAATTCTCGGNNNNNNNNNNNNCTCCGCTTAAGGGACT,CAGAACAACAAG,m,CCTCGGG,GGTCTTTCA,TGAAAGACCCCCGAGGTGGGCAGTCAATCAATCT,AGTCCCTTAAGCGGAG,SCIDn2_gretro_vector.fa
GTSP0360-4,AGCAGGTCCGAAATTCTCGGNNNNNNNNNNNNCTCCGCTTAAGGGACT,TGGATTCTGTCA,m,CCTCGGG,GGTCTTTCA,TGAAAGACCCCCGAGGTGGGCAGTCAATCAATCT,AGTCCCTTAAGCGGAG,SCIDn2_gretro_vector.fa
GTSP0439-1,ACCACTAATACGCCTGACGGNNNNNNNNNNNNCTCCGCTTAAGGGACT,CTTCATACAGTG,m,CCTCGGG,GGTCTTTCA,TGAAAGACCCCCGAGGTGGGCAGTCAATCAATCT,AGTCCCTTAAGCGGAG,SCIDn2_gretro_vector.fa
GTSP0439-2,ACCACTAATACGCCTGACGGNNNNNNNNNNNNCTCCGCTTAAGGGACT,AATGCGCATCCA,m,CCTCGGG,GGTCTTTCA,TGAAAGACCCCCGAGGTGGGCAGTCAATCAATCT,AGTCCCTTAAGCGGAG,SCIDn2_gretro_vector.fa
GTSP0439-3,ACCACTAATACGCCTGACGGNNNNNNNNNNNNCTCCGCTTAAGGGACT,TCTGATATGGGC,m,CCTCGGG,GGTCTTTCA,TGAAAGACCCCCGAGGTGGGCAGTCAATCAATCT,AGTCCCTTAAGCGGAG,SCIDn2_gretro_vector.fa
GTSP0439-4,ACCACTAATACGCCTGACGGNNNNNNNNNNNNCTCCGCTTAAGGGACT,TGAGCACACACG,m,CCTCGGG,GGTCTTTCA,TGAAAGACCCCCGAGGTGGGCAGTCAATCAATCT,AGTCCCTTAAGCGGAG,SCIDn2_gretro_vector.fa
GTSP0442-1,TCCACGGTCGTAATTGCTCGNNNNNNNNNNNNCTCCGCTTAAGGGACT,ACGCTCATGGAT,m,CCTCGGG,GGTCTTTCA,TGAAAGACCCCCGAGGTGGGCAGTCAATCAATCT,AGTCCCTTAAGCGGAG,SCIDn2_gretro_vector.fa
GTSP0442-2,TCCACGGTCGTAATTGCTCGNNNNNNNNNNNNCTCCGCTTAAGGGACT,CTCTGAAGTCTA,m,CCTCGGG,GGTCTTTCA,TGAAAGACCCCCGAGGTGGGCAGTCAATCAATCT,AGTCCCTTAAGCGGAG,SCIDn2_gretro_vector.fa
GTSP0442-3,TCCACGGTCGTAATTGCTCGNNNNNNNNNNNNCTCCGCTTAAGGGACT,CACCGGGAATCA,m,CCTCGGG,GGTCTTTCA,TGAAAGACCCCCGAGGTGGGCAGTCAATCAATCT,AGTCCCTTAAGCGGAG,SCIDn2_gretro_vector.fa
GTSP0442-4,TCCACGGTCGTAATTGCTCGNNNNNNNNNNNNCTCCGCTTAAGGGACT,AGCCGTGGAACT,m,CCTCGGG,GGTCTTTCA,TGAAAGACCCCCGAGGTGGGCAGTCAATCAATCT,AGTCCCTTAAGCGGAG,SCIDn2_gretro_vector.fa
GTSP0443-1,TTGCGGGATTGGTAAGGTGCNNNNNNNNNNNNCTCCGCTTAAGGGACT,AGTTAAGCTTCC,m,CCTCGGG,GGTCTTTCA,TGAAAGACCCCCGAGGTGGGCAGTCAATCAATCT,AGTCCCTTAAGCGGAG,SCIDn2_gretro_vector.fa
GTSP0443-2,TTGCGGGATTGGTAAGGTGCNNNNNNNNNNNNCTCCGCTTAAGGGACT,AAGAACGTCTCC,m,CCTCGGG,GGTCTTTCA,TGAAAGACCCCCGAGGTGGGCAGTCAATCAATCT,AGTCCCTTAAGCGGAG,SCIDn2_gretro_vector.fa
GTSP0443-3,TTGCGGGATTGGTAAGGTGCNNNNNNNNNNNNCTCCGCTTAAGGGACT,CGGTAGCGCAAT,m,CCTCGGG,GGTCTTTCA,TGAAAGACCCCCGAGGTGGGCAGTCAATCAATCT,AGTCCCTTAAGCGGAG,SCIDn2_gretro_vector.fa
GTSP0443-4,TTGCGGGATTGGTAAGGTGCNNNNNNNNNNNNCTCCGCTTAAGGGACT,TAAGCTGGTCGG,m,CCTCGGG,GGTCTTTCA,TGAAAGACCCCCGAGGTGGGCAGTCAATCAATCT,AGTCCCTTAAGCGGAG,SCIDn2_gretro_vector.fa
GTSP0444-1,CGATAACCGCTCAAAGCGAGNNNNNNNNNNNNCTCCGCTTAAGGGACT,TTCGGTGGATTG,m,CCTCGGG,GGTCTTTCA,TGAAAGACCCCCGAGGTGGGCAGTCAATCAATCT,AGTCCCTTAAGCGGAG,SCIDn2_gretro_vector.fa
GTSP0444-2,CGATAACCGCTCAAAGCGAGNNNNNNNNNNNNCTCCGCTTAAGGGACT,ACTGTACGCGTA,m,CCTCGGG,GGTCTTTCA,TGAAAGACCCCCGAGGTGGGCAGTCAATCAATCT,AGTCCCTTAAGCGGAG,SCIDn2_gretro_vector.fa
GTSP0444-3,CGATAACCGCTCAAAGCGAGNNNNNNNNNNNNCTCCGCTTAAGGGACT,ACATCTTGACGG,m,CCTCGGG,GGTCTTTCA,TGAAAGACCCCCGAGGTGGGCAGTCAATCAATCT,AGTCCCTTAAGCGGAG,SCIDn2_gretro_vector.fa
GTSP0444-4,CGATAACCGCTCAAAGCGAGNNNNNNNNNNNNCTCCGCTTAAGGGACT,CATCAGCGTGTA,m,CCTCGGG,GGTCTTTCA,TGAAAGACCCCCGAGGTGGGCAGTCAATCAATCT,AGTCCCTTAAGCGGAG,SCIDn2_gretro_vector.fa
GTSP0446-1,CGGATAAACGGTACAGACGGNNNNNNNNNNNNCTCCGCTTAAGGGACT,GTCCTTGAAACG,m,CCTCGGG,GGTCTTTCA,TGAAAGACCCCCGAGGTGGGCAGTCAATCAATCT,AGTCCCTTAAGCGGAG,SCIDn2_gretro_vector.fa
GTSP0446-2,CGGATAAACGGTACAGACGGNNNNNNNNNNNNCTCCGCTTAAGGGACT,ACTAAGTTCTGC,m,CCTCGGG,GGTCTTTCA,TGAAAGACCCCCGAGGTGGGCAGTCAATCAATCT,AGTCCCTTAAGCGGAG,SCIDn2_gretro_vector.fa
GTSP0446-3,CGGATAAACGGTACAGACGGNNNNNNNNNNNNCTCCGCTTAAGGGACT,TCATCAACGGGT,m,CCTCGGG,GGTCTTTCA,TGAAAGACCCCCGAGGTGGGCAGTCAATCAATCT,AGTCCCTTAAGCGGAG,SCIDn2_gretro_vector.fa
GTSP0446-4,CGGATAAACGGTACAGACGGNNNNNNNNNNNNCTCCGCTTAAGGGACT,CCGTTCTACGTC,m,CCTCGGG,GGTCTTTCA,TGAAAGACCCCCGAGGTGGGCAGTCAATCAATCT,AGTCCCTTAAGCGGAG,SCIDn2_gretro_vector.fa
GTSP0448-1,GGTATCAACATGGTCGCCAGNNNNNNNNNNNNCTCCGCTTAAGGGACT,TGGTAGGTACCG,m,CCTCGGG,GGTCTTTCA,TGAAAGACCCCCGAGGTGGGCAGTCAATCAATCT,AGTCCCTTAAGCGGAG,SCIDn2_gretro_vector.fa
GTSP0448-2,GGTATCAACATGGTCGCCAGNNNNNNNNNNNNCTCCGCTTAAGGGACT,GCTAGCAAACGC,m,CCTCGGG,GGTCTTTCA,TGAAAGACCCCCGAGGTGGGCAGTCAATCAATCT,AGTCCCTTAAGCGGAG,SCIDn2_gretro_vector.fa
GTSP0448-3,GGTATCAACATGGTCGCCAGNNNNNNNNNNNNCTCCGCTTAAGGGACT,AGAGCTGTTTCT,m,CCTCGGG,GGTCTTTCA,TGAAAGACCCCCGAGGTGGGCAGTCAATCAATCT,AGTCCCTTAAGCGGAG,SCIDn2_gretro_vector.fa
GTSP0448-4,GGTATCAACATGGTCGCCAGNNNNNNNNNNNNCTCCGCTTAAGGGACT,TCTGAGTCTGAG,m,CCTCGGG,GGTCTTTCA,TGAAAGACCCCCGAGGTGGGCAGTCAATCAATCT,AGTCCCTTAAGCGGAG,SCIDn2_gretro_vector.fa
GTSP0449-1,CGGCAGTCAAATCAACCGGANNNNNNNNNNNNCTCCGCTTAAGGGACT,GATTGTACTCGG,m,CCTCGGG,GGTCTTTCA,TGAAAGACCCCCGAGGTGGGCAGTCAATCAATCT,AGTCCCTTAAGCGGAG,SCIDn2_gretro_vector.fa
GTSP0449-2,CGGCAGTCAAATCAACCGGANNNNNNNNNNNNCTCCGCTTAAGGGACT,GCAGTTCATATC,m,CCTCGGG,GGTCTTTCA,TGAAAGACCCCCGAGGTGGGCAGTCAATCAATCT,AGTCCCTTAAGCGGAG,SCIDn2_gretro_vector.fa
GTSP0449-3,CGGCAGTCAAATCAACCGGANNNNNNNNNNNNCTCCGCTTAAGGGACT,ATCTTAGACTGC,m,CCTCGGG,GGTCTTTCA,TGAAAGACCCCCGAGGTGGGCAGTCAATCAATCT,AGTCCCTTAAGCGGAG,SCIDn2_gretro_vector.fa
GTSP0449-4,CGGCAGTCAAATCAACCGGANNNNNNNNNNNNCTCCGCTTAAGGGACT,TATAATGCGCCG,m,CCTCGGG,GGTCTTTCA,TGAAAGACCCCCGAGGTGGGCAGTCAATCAATCT,AGTCCCTTAAGCGGAG,SCIDn2_gretro_vector.fa
GTSP0450-1,GCTATTGCGATGAAGCAGCCNNNNNNNNNNNNCTCCGCTTAAGGGACT,GTGATTAGCACC,m,CCTCGGG,GGTCTTTCA,TGAAAGACCCCCGAGGTGGGCAGTCAATCAATCT,AGTCCCTTAAGCGGAG,SCIDn2_gretro_vector.fa
GTSP0450-2,GCTATTGCGATGAAGCAGCCNNNNNNNNNNNNCTCCGCTTAAGGGACT,TCATTCCAAACG,m,CCTCGGG,GGTCTTTCA,TGAAAGACCCCCGAGGTGGGCAGTCAATCAATCT,AGTCCCTTAAGCGGAG,SCIDn2_gretro_vector.fa
GTSP0450-3,GCTATTGCGATGAAGCAGCCNNNNNNNNNNNNCTCCGCTTAAGGGACT,TCCGCTCTAACC,m,CCTCGGG,GGTCTTTCA,TGAAAGACCCCCGAGGTGGGCAGTCAATCAATCT,AGTCCCTTAAGCGGAG,SCIDn2_gretro_vector.fa
GTSP0450-4,GCTATTGCGATGAAGCAGCCNNNNNNNNNNNNCTCCGCTTAAGGGACT,ATGGTCTACTAC,m,CCTCGGG,GGTCTTTCA,TGAAAGACCCCCGAGGTGGGCAGTCAATCAATCT,AGTCCCTTAAGCGGAG,SCIDn2_gretro_vector.fa
GTSP0451-1,GGTAAGTGCGACTAAGCAGCNNNNNNNNNNNNCTCCGCTTAAGGGACT,GCGTATCTTGAT,m,CCTCGGG,GGTCTTTCA,TGAAAGACCCCCGAGGTGGGCAGTCAATCAATCT,AGTCCCTTAAGCGGAG,SCIDn2_gretro_vector.fa
GTSP0451-2,GGTAAGTGCGACTAAGCAGCNNNNNNNNNNNNCTCCGCTTAAGGGACT,AAGCCAGATAGA,m,CCTCGGG,GGTCTTTCA,TGAAAGACCCCCGAGGTGGGCAGTCAATCAATCT,AGTCCCTTAAGCGGAG,SCIDn2_gretro_vector.fa
GTSP0451-3,GGTAAGTGCGACTAAGCAGCNNNNNNNNNNNNCTCCGCTTAAGGGACT,CCGTTTGTTTCC,m,CCTCGGG,GGTCTTTCA,TGAAAGACCCCCGAGGTGGGCAGTCAATCAATCT,AGTCCCTTAAGCGGAG,SCIDn2_gretro_vector.fa
GTSP0451-4,GGTAAGTGCGACTAAGCAGCNNNNNNNNNNNNCTCCGCTTAAGGGACT,ACTATGCCAATC,m,CCTCGGG,GGTCTTTCA,TGAAAGACCCCCGAGGTGGGCAGTCAATCAATCT,AGTCCCTTAAGCGGAG,SCIDn2_gretro_vector.fa
GTSP0452-1,TCTATGTAACGAGTCTCAGCCNNNNNNNNNNNNCTCCGCTTAAGGGACT,ATCGTACAACTC,m,CCTCGGG,GGTCTTTCA,TGAAAGACCCCCGAGGTGGGCAGTCAATCAATCT,AGTCCCTTAAGCGGAG,SCIDn2_gretro_vector.fa
GTSP0452-2,TCTATGTAACGAGTCTCAGCCNNNNNNNNNNNNCTCCGCTTAAGGGACT,TTGCATTTCGAG,m,CCTCGGG,GGTCTTTCA,TGAAAGACCCCCGAGGTGGGCAGTCAATCAATCT,AGTCCCTTAAGCGGAG,SCIDn2_gretro_vector.fa
GTSP0452-3,TCTATGTAACGAGTCTCAGCCNNNNNNNNNNNNCTCCGCTTAAGGGACT,TGCCTTTCTTCT,m,CCTCGGG,GGTCTTTCA,TGAAAGACCCCCGAGGTGGGCAGTCAATCAATCT,AGTCCCTTAAGCGGAG,SCIDn2_gretro_vector.fa
GTSP0452-4,TCTATGTAACGAGTCTCAGCCNNNNNNNNNNNNCTCCGCTTAAGGGACT,TAGAGAGAGTGG,m,CCTCGGG,GGTCTTTCA,TGAAAGACCCCCGAGGTGGGCAGTCAATCAATCT,AGTCCCTTAAGCGGAG,SCIDn2_gretro_vector.fa
GTSP0498-1,CTTCAGACATATAGTCGCTCGNNNNNNNNNNNNCTCCGCTTAAGGGACT,TGAATTAGGAGG,m,CCTCGGG,GGTCTTTCA,TGAAAGACCCCCGAGGTGGGCAGTCAATCAATCT,AGTCCCTTAAGCGGAG,SCIDn2_gretro_vector.fa
GTSP0498-2,CTTCAGACATATAGTCGCTCGNNNNNNNNNNNNCTCCGCTTAAGGGACT,GCTGGCCATGAA,m,CCTCGGG,GGTCTTTCA,TGAAAGACCCCCGAGGTGGGCAGTCAATCAATCT,AGTCCCTTAAGCGGAG,SCIDn2_gretro_vector.fa
GTSP0498-3,CTTCAGACATATAGTCGCTCGNNNNNNNNNNNNCTCCGCTTAAGGGACT,AGCGTGTCCAAT,m,CCTCGGG,GGTCTTTCA,TGAAAGACCCCCGAGGTGGGCAGTCAATCAATCT,AGTCCCTTAAGCGGAG,SCIDn2_gretro_vector.fa
GTSP0498-4,CTTCAGACATATAGTCGCTCGNNNNNNNNNNNNCTCCGCTTAAGGGACT,AGGAGGTGAATT,m,CCTCGGG,GGTCTTTCA,TGAAAGACCCCCGAGGTGGGCAGTCAATCAATCT,AGTCCCTTAAGCGGAG,SCIDn2_gretro_vector.fa
GTSP0499-1,TCGATACGTCTATTAGGGCACNNNNNNNNNNNNCTCCGCTTAAGGGACT,ACAGTGCTTCAT,m,CCTCGGG,GGTCTTTCA,TGAAAGACCCCCGAGGTGGGCAGTCAATCAATCT,AGTCCCTTAAGCGGAG,SCIDn2_gretro_vector.fa
GTSP0499-2,TCGATACGTCTATTAGGGCACNNNNNNNNNNNNCTCCGCTTAAGGGACT,ACCTCACATCAA,m,CCTCGGG,GGTCTTTCA,TGAAAGACCCCCGAGGTGGGCAGTCAATCAATCT,AGTCCCTTAAGCGGAG,SCIDn2_gretro_vector.fa
GTSP0499-3,TCGATACGTCTATTAGGGCACNNNNNNNNNNNNCTCCGCTTAAGGGACT,GACTCCGCAAGA,m,CCTCGGG,GGTCTTTCA,TGAAAGACCCCCGAGGTGGGCAGTCAATCAATCT,AGTCCCTTAAGCGGAG,SCIDn2_gretro_vector.fa
GTSP0499-4,TCGATACGTCTATTAGGGCACNNNNNNNNNNNNCTCCGCTTAAGGGACT,CGTCACGACTAA,m,CCTCGGG,GGTCTTTCA,TGAAAGACCCCCGAGGTGGGCAGTCAATCAATCT,AGTCCCTTAAGCGGAG,SCIDn2_gretro_vector.fa
GTSP0500-1,GATCACAATACGTAACCTGCCNNNNNNNNNNNNCTCCGCTTAAGGGACT,AGTGGTCTGGCA,m,CCTCGGG,GGTCTTTCA,TGAAAGACCCCCGAGGTGGGCAGTCAATCAATCT,AGTCCCTTAAGCGGAG,SCIDn2_gretro_vector.fa
GTSP0500-2,GATCACAATACGTAACCTGCCNNNNNNNNNNNNCTCCGCTTAAGGGACT,TACATGGAGCCT,m,CCTCGGG,GGTCTTTCA,TGAAAGACCCCCGAGGTGGGCAGTCAATCAATCT,AGTCCCTTAAGCGGAG,SCIDn2_gretro_vector.fa
GTSP0500-3,GATCACAATACGTAACCTGCCNNNNNNNNNNNNCTCCGCTTAAGGGACT,ATCCTCAGTAGT,m,CCTCGGG,GGTCTTTCA,TGAAAGACCCCCGAGGTGGGCAGTCAATCAATCT,AGTCCCTTAAGCGGAG,SCIDn2_gretro_vector.fa
GTSP0500-4,GATCACAATACGTAACCTGCCNNNNNNNNNNNNCTCCGCTTAAGGGACT,CACTTCCAGATA,m,CCTCGGG,GGTCTTTCA,TGAAAGACCCCCGAGGTGGGCAGTCAATCAATCT,AGTCCCTTAAGCGGAG,SCIDn2_gretro_vector.fa
GTSP0502-1,CACATCTTACGAAACATGGGCNNNNNNNNNNNNCTCCGCTTAAGGGACT,GGAGTACAGCCT,m,CCTCGGG,GGTCTTTCA,TGAAAGACCCCCGAGGTGGGCAGTCAATCAATCT,AGTCCCTTAAGCGGAG,SCIDn2_gretro_vector.fa
GTSP0502-2,CACATCTTACGAAACATGGGCNNNNNNNNNNNNCTCCGCTTAAGGGACT,TGTTCTCTTCCG,m,CCTCGGG,GGTCTTTCA,TGAAAGACCCCCGAGGTGGGCAGTCAATCAATCT,AGTCCCTTAAGCGGAG,SCIDn2_gretro_vector.fa
GTSP0502-3,CACATCTTACGAAACATGGGCNNNNNNNNNNNNCTCCGCTTAAGGGACT,GTATATCCGCAG,m,CCTCGGG,GGTCTTTCA,TGAAAGACCCCCGAGGTGGGCAGTCAATCAATCT,AGTCCCTTAAGCGGAG,SCIDn2_gretro_vector.fa
GTSP0502-4,CACATCTTACGAAACATGGGCNNNNNNNNNNNNCTCCGCTTAAGGGACT,AACGCACGCTAG,m,CCTCGGG,GGTCTTTCA,TGAAAGACCCCCGAGGTGGGCAGTCAATCAATCT,AGTCCCTTAAGCGGAG,SCIDn2_gretro_vector.fa
GTSP0513-1,CGAAACGTGAATGGCGGATGNNNNNNNNNNNNCTCCGCTTAAGGGACT,GTTCTACATGGT,m,CCTCGGG,GGTCTTTCA,TGAAAGACCCCCGAGGTGGGCAGTCAATCAATCT,AGTCCCTTAAGCGGAG,SCIDn2_gretro_vector.fa
GTSP0513-2,CGAAACGTGAATGGCGGATGNNNNNNNNNNNNCTCCGCTTAAGGGACT,TGCTGTGAGCTA,m,CCTCGGG,GGTCTTTCA,TGAAAGACCCCCGAGGTGGGCAGTCAATCAATCT,AGTCCCTTAAGCGGAG,SCIDn2_gretro_vector.fa
GTSP0513-3,CGAAACGTGAATGGCGGATGNNNNNNNNNNNNCTCCGCTTAAGGGACT,ACGACCCAAGAC,m,CCTCGGG,GGTCTTTCA,TGAAAGACCCCCGAGGTGGGCAGTCAATCAATCT,AGTCCCTTAAGCGGAG,SCIDn2_gretro_vector.fa
GTSP0513-4,CGAAACGTGAATGGCGGATGNNNNNNNNNNNNCTCCGCTTAAGGGACT,AGCTCCATACAG,m,CCTCGGG,GGTCTTTCA,TGAAAGACCCCCGAGGTGGGCAGTCAATCAATCT,AGTCCCTTAAGCGGAG,SCIDn2_gretro_vector.fa
GTSP0520-1,TGCTTTCGCGTGATCGAACCNNNNNNNNNNNNCTCCGCTTAAGGGACT,TTCGAGTTGCAT,m,CCTCGGG,GGTCTTTCA,TGAAAGACCCCCGAGGTGGGCAGTCAATCAATCT,AGTCCCTTAAGCGGAG,SCIDn2_gretro_vector.fa
GTSP0520-2,TGCTTTCGCGTGATCGAACCNNNNNNNNNNNNCTCCGCTTAAGGGACT,TGCGTCAGTTAG,m,CCTCGGG,GGTCTTTCA,TGAAAGACCCCCGAGGTGGGCAGTCAATCAATCT,AGTCCCTTAAGCGGAG,SCIDn2_gretro_vector.fa
GTSP0520-3,TGCTTTCGCGTGATCGAACCNNNNNNNNNNNNCTCCGCTTAAGGGACT,GCACAGGACGTT,m,CCTCGGG,GGTCTTTCA,TGAAAGACCCCCGAGGTGGGCAGTCAATCAATCT,AGTCCCTTAAGCGGAG,SCIDn2_gretro_vector.fa
GTSP0520-4,TGCTTTCGCGTGATCGAACCNNNNNNNNNNNNCTCCGCTTAAGGGACT,TCCACGTCGTCT,m,CCTCGGG,GGTCTTTCA,TGAAAGACCCCCGAGGTGGGCAGTCAATCAATCT,AGTCCCTTAAGCGGAG,SCIDn2_gretro_vector.fa
GTSP0521-1,GCTACGTTCGGAGAACATCCNNNNNNNNNNNNCTCCGCTTAAGGGACT,TATCGGAACCTT,m,CCTCGGG,GGTCTTTCA,TGAAAGACCCCCGAGGTGGGCAGTCAATCAATCT,AGTCCCTTAAGCGGAG,SCIDn2_gretro_vector.fa
GTSP0521-2,GCTACGTTCGGAGAACATCCNNNNNNNNNNNNCTCCGCTTAAGGGACT,CCACCAGAAACT,m,CCTCGGG,GGTCTTTCA,TGAAAGACCCCCGAGGTGGGCAGTCAATCAATCT,AGTCCCTTAAGCGGAG,SCIDn2_gretro_vector.fa
GTSP0521-3,GCTACGTTCGGAGAACATCCNNNNNNNNNNNNCTCCGCTTAAGGGACT,TAGCAGGAGGAA,m,CCTCGGG,GGTCTTTCA,TGAAAGACCCCCGAGGTGGGCAGTCAATCAATCT,AGTCCCTTAAGCGGAG,SCIDn2_gretro_vector.fa
GTSP0521-4,GCTACGTTCGGAGAACATCCNNNNNNNNNNNNCTCCGCTTAAGGGACT,CCGACTGAGATG,m,CCTCGGG,GGTCTTTCA,TGAAAGACCCCCGAGGTGGGCAGTCAATCAATCT,AGTCCCTTAAGCGGAG,SCIDn2_gretro_vector.fa
GTSP0522-1,AGGTTCGACACCTAGTGGAGNNNNNNNNNNNNCTCCGCTTAAGGGACT,AGTCTCGCATAT,m,CCTCGGG,GGTCTTTCA,TGAAAGACCCCCGAGGTGGGCAGTCAATCAATCT,AGTCCCTTAAGCGGAG,SCIDn2_gretro_vector.fa
GTSP0522-2,AGGTTCGACACCTAGTGGAGNNNNNNNNNNNNCTCCGCTTAAGGGACT,ACAGCAGTGGTC,m,CCTCGGG,GGTCTTTCA,TGAAAGACCCCCGAGGTGGGCAGTCAATCAATCT,AGTCCCTTAAGCGGAG,SCIDn2_gretro_vector.fa
GTSP0522-3,AGGTTCGACACCTAGTGGAGNNNNNNNNNNNNCTCCGCTTAAGGGACT,CGGAGTGTCTAT,m,CCTCGGG,GGTCTTTCA,TGAAAGACCCCCGAGGTGGGCAGTCAATCAATCT,AGTCCCTTAAGCGGAG,SCIDn2_gretro_vector.fa
GTSP0522-4,AGGTTCGACACCTAGTGGAGNNNNNNNNNNNNCTCCGCTTAAGGGACT,AATCGGCGATTC,m,CCTCGGG,GGTCTTTCA,TGAAAGACCCCCGAGGTGGGCAGTCAATCAATCT,AGTCCCTTAAGCGGAG,SCIDn2_gretro_vector.fa
GTSP0529-1,GCTATCTGTTCGCGTAGACCNNNNNNNNNNNNCTCCGCTTAAGGGACT,AGGAGCCTTCTA,m,CCTCGGG,GGTCTTTCA,TGAAAGACCCCCGAGGTGGGCAGTCAATCAATCT,AGTCCCTTAAGCGGAG,SCIDn2_gretro_vector.fa
GTSP0529-2,GCTATCTGTTCGCGTAGACCNNNNNNNNNNNNCTCCGCTTAAGGGACT,TCTAGTTAGTCG,m,CCTCGGG,GGTCTTTCA,TGAAAGACCCCCGAGGTGGGCAGTCAATCAATCT,AGTCCCTTAAGCGGAG,SCIDn2_gretro_vector.fa
GTSP0529-3,GCTATCTGTTCGCGTAGACCNNNNNNNNNNNNCTCCGCTTAAGGGACT,TACTCGGTTGTA,m,CCTCGGG,GGTCTTTCA,TGAAAGACCCCCGAGGTGGGCAGTCAATCAATCT,AGTCCCTTAAGCGGAG,SCIDn2_gretro_vector.fa
GTSP0529-4,GCTATCTGTTCGCGTAGACCNNNNNNNNNNNNCTCCGCTTAAGGGACT,TGCTACCATGAG,m,CCTCGGG,GGTCTTTCA,TGAAAGACCCCCGAGGTGGGCAGTCAATCAATCT,AGTCCCTTAAGCGGAG,SCIDn2_gretro_vector.fa
GTSP0530-1,TAGGTCGTGTACCTCAAGCGNNNNNNNNNNNNCTCCGCTTAAGGGACT,AAGCGTGTCGTT,m,CCTCGGG,GGTCTTTCA,TGAAAGACCCCCGAGGTGGGCAGTCAATCAATCT,AGTCCCTTAAGCGGAG,SCIDn2_gretro_vector.fa
GTSP0530-2,TAGGTCGTGTACCTCAAGCGNNNNNNNNNNNNCTCCGCTTAAGGGACT,TATTCAGCCAGG,m,CCTCGGG,GGTCTTTCA,TGAAAGACCCCCGAGGTGGGCAGTCAATCAATCT,AGTCCCTTAAGCGGAG,SCIDn2_gretro_vector.fa
GTSP0530-3,TAGGTCGTGTACCTCAAGCGNNNNNNNNNNNNCTCCGCTTAAGGGACT,TTCACATCCGAA,m,CCTCGGG,GGTCTTTCA,TGAAAGACCCCCGAGGTGGGCAGTCAATCAATCT,AGTCCCTTAAGCGGAG,SCIDn2_gretro_vector.fa
GTSP0530-4,TAGGTCGTGTACCTCAAGCGNNNNNNNNNNNNCTCCGCTTAAGGGACT,AGTCGGACCTAG,m,CCTCGGG,GGTCTTTCA,TGAAAGACCCCCGAGGTGGGCAGTCAATCAATCT,AGTCCCTTAAGCGGAG,SCIDn2_gretro_vector.fa
UninfectedControls-20150202-1,GCGATTTCGCATGACGGGTANNNNNNNNNNNNCTCCGCTTAAGGGACT,GGTACGGGATCT,m,CCTCGGG,GGTCTTTCA,TGAAAGACCCCCGAGGTGGGCAGTCAATCAATCT,AGTCCCTTAAGCGGAG,SCIDn2_gretro_vector.fa
UninfectedControls-20150202-2,GCGATTTCGCATGACGGGTANNNNNNNNNNNNCTCCGCTTAAGGGACT,CGATGCACCAGA,m,CCTCGGG,GGTCTTTCA,TGAAAGACCCCCGAGGTGGGCAGTCAATCAATCT,AGTCCCTTAAGCGGAG,SCIDn2_gretro_vector.fa
UninfectedControls-20150202-3,GCGATTTCGCATGACGGGTANNNNNNNNNNNNCTCCGCTTAAGGGACT,TTGAACCAGCTG,m,CCTCGGG,GGTCTTTCA,TGAAAGACCCCCGAGGTGGGCAGTCAATCAATCT,AGTCCCTTAAGCGGAG,SCIDn2_gretro_vector.fa
UninfectedControls-20150202-4,GCGATTTCGCATGACGGGTANNNNNNNNNNNNCTCCGCTTAAGGGACT,TGACAATCCAGC,m,CCTCGGG,GGTCTTTCA,TGAAAGACCCCCGAGGTGGGCAGTCAATCAATCT,AGTCCCTTAAGCGGAG,SCIDn2_gretro_vector.fa
