alias,linkerSequence,bcSeq,gender,primer,ltrBit,largeLTRFrag,vectorSeq,refGenome,refGenome
GTSP1059-1,TCGAAAGGGCATCAACGCGANNNNNNNNNNNNCTCCGCTTAAGGGACT,GGCGCGGTTTAA,m,GAAAATC,TCTAGCA,TGCTAGAGATTTTCCACACTGACTAAAAGGGTCT,HIV_HXB2.fasta,hg18,hg18
GTSP1059-2,TCGAAAGGGCATCAACGCGANNNNNNNNNNNNCTCCGCTTAAGGGACT,CCGGTATGCAAG,m,GAAAATC,TCTAGCA,TGCTAGAGATTTTCCACACTGACTAAAAGGGTCT,HIV_HXB2.fasta,hg18,hg18
GTSP1059-3,TCGAAAGGGCATCAACGCGANNNNNNNNNNNNCTCCGCTTAAGGGACT,ATTATCGTGCAC,m,GAAAATC,TCTAGCA,TGCTAGAGATTTTCCACACTGACTAAAAGGGTCT,HIV_HXB2.fasta,hg18,hg18
GTSP1059-4,TCGAAAGGGCATCAACGCGANNNNNNNNNNNNCTCCGCTTAAGGGACT,TAGACCTAGACC,m,GAAAATC,TCTAGCA,TGCTAGAGATTTTCCACACTGACTAAAAGGGTCT,HIV_HXB2.fasta,hg18,hg18
GTSP1060-1,TCCTCGGACAGACTACCTAGNNNNNNNNNNNNCTCCGCTTAAGGGACT,GATACGTCCTGA,m,GAAAATC,TCTAGCA,TGCTAGAGATTTTCCACACTGACTAAAAGGGTCT,HIV_HXB2.fasta,hg18,hg18
GTSP1060-2,TCCTCGGACAGACTACCTAGNNNNNNNNNNNNCTCCGCTTAAGGGACT,TTCTCACCTTTC,m,GAAAATC,TCTAGCA,TGCTAGAGATTTTCCACACTGACTAAAAGGGTCT,HIV_HXB2.fasta,hg18,hg18
GTSP1060-3,TCCTCGGACAGACTACCTAGNNNNNNNNNNNNCTCCGCTTAAGGGACT,CCAGGTATATTC,m,GAAAATC,TCTAGCA,TGCTAGAGATTTTCCACACTGACTAAAAGGGTCT,HIV_HXB2.fasta,hg18,hg18
GTSP1060-4,TCCTCGGACAGACTACCTAGNNNNNNNNNNNNCTCCGCTTAAGGGACT,TGTGCAAGCGAC,m,GAAAATC,TCTAGCA,TGCTAGAGATTTTCCACACTGACTAAAAGGGTCT,HIV_HXB2.fasta,hg18,hg18
GTSP1061-1,AGCAGGTCCGAAATTCTCGGNNNNNNNNNNNNCTCCGCTTAAGGGACT,CTTCGTGGTAGA,m,GAAAATC,TCTAGCA,TGCTAGAGATTTTCCACACTGACTAAAAGGGTCT,HIV_HXB2.fasta,hg18,hg18
GTSP1061-2,AGCAGGTCCGAAATTCTCGGNNNNNNNNNNNNCTCCGCTTAAGGGACT,GATCCCGATATT,m,GAAAATC,TCTAGCA,TGCTAGAGATTTTCCACACTGACTAAAAGGGTCT,HIV_HXB2.fasta,hg18,hg18
GTSP1061-3,AGCAGGTCCGAAATTCTCGGNNNNNNNNNNNNCTCCGCTTAAGGGACT,CCGAATGCACTA,m,GAAAATC,TCTAGCA,TGCTAGAGATTTTCCACACTGACTAAAAGGGTCT,HIV_HXB2.fasta,hg18,hg18
GTSP1061-4,AGCAGGTCCGAAATTCTCGGNNNNNNNNNNNNCTCCGCTTAAGGGACT,TGCGGTCATTGA,m,GAAAATC,TCTAGCA,TGCTAGAGATTTTCCACACTGACTAAAAGGGTCT,HIV_HXB2.fasta,hg18,hg18
GTSP1062-1,ACCACTAATACGCCTGACGGNNNNNNNNNNNNCTCCGCTTAAGGGACT,ATCTTCCGATAG,m,GAAAATC,TCTAGCA,TGCTAGAGATTTTCCACACTGACTAAAAGGGTCT,HIV_HXB2.fasta,hg18,hg18
GTSP1062-2,ACCACTAATACGCCTGACGGNNNNNNNNNNNNCTCCGCTTAAGGGACT,TACAGCAATCCG,m,GAAAATC,TCTAGCA,TGCTAGAGATTTTCCACACTGACTAAAAGGGTCT,HIV_HXB2.fasta,hg18,hg18
GTSP1062-3,ACCACTAATACGCCTGACGGNNNNNNNNNNNNCTCCGCTTAAGGGACT,TGGTACAGTACC,m,GAAAATC,TCTAGCA,TGCTAGAGATTTTCCACACTGACTAAAAGGGTCT,HIV_HXB2.fasta,hg18,hg18
GTSP1062-4,ACCACTAATACGCCTGACGGNNNNNNNNNNNNCTCCGCTTAAGGGACT,ACTCGATTCGAT,m,GAAAATC,TCTAGCA,TGCTAGAGATTTTCCACACTGACTAAAAGGGTCT,HIV_HXB2.fasta,hg18,hg18
GTSP1062-5,TCCACGGTCGTAATTGCTCGNNNNNNNNNNNNCTCCGCTTAAGGGACT,ATCTTCCGATAG,m,GAAAATC,TCTAGCA,TGCTAGAGATTTTCCACACTGACTAAAAGGGTCT,HIV_HXB2.fasta,hg18,hg18
GTSP1062-6,TCCACGGTCGTAATTGCTCGNNNNNNNNNNNNCTCCGCTTAAGGGACT,TACAGCAATCCG,m,GAAAATC,TCTAGCA,TGCTAGAGATTTTCCACACTGACTAAAAGGGTCT,HIV_HXB2.fasta,hg18,hg18
GTSP1062-7,TCCACGGTCGTAATTGCTCGNNNNNNNNNNNNCTCCGCTTAAGGGACT,TGGTACAGTACC,m,GAAAATC,TCTAGCA,TGCTAGAGATTTTCCACACTGACTAAAAGGGTCT,HIV_HXB2.fasta,hg18,hg18
GTSP1062-8,TCCACGGTCGTAATTGCTCGNNNNNNNNNNNNCTCCGCTTAAGGGACT,ACTCGATTCGAT,m,GAAAATC,TCTAGCA,TGCTAGAGATTTTCCACACTGACTAAAAGGGTCT,HIV_HXB2.fasta,hg18,hg18
GTSP1062-9,TTGCGGGATTGGTAAGGTGCNNNNNNNNNNNNCTCCGCTTAAGGGACT,ATCTTCCGATAG,m,GAAAATC,TCTAGCA,TGCTAGAGATTTTCCACACTGACTAAAAGGGTCT,HIV_HXB2.fasta,hg18,hg18
GTSP1062-10,TTGCGGGATTGGTAAGGTGCNNNNNNNNNNNNCTCCGCTTAAGGGACT,TACAGCAATCCG,m,GAAAATC,TCTAGCA,TGCTAGAGATTTTCCACACTGACTAAAAGGGTCT,HIV_HXB2.fasta,hg18,hg18
GTSP1062-11,TTGCGGGATTGGTAAGGTGCNNNNNNNNNNNNCTCCGCTTAAGGGACT,TGGTACAGTACC,m,GAAAATC,TCTAGCA,TGCTAGAGATTTTCCACACTGACTAAAAGGGTCT,HIV_HXB2.fasta,hg18,hg18
GTSP1062-12,TTGCGGGATTGGTAAGGTGCNNNNNNNNNNNNCTCCGCTTAAGGGACT,ACTCGATTCGAT,m,GAAAATC,TCTAGCA,TGCTAGAGATTTTCCACACTGACTAAAAGGGTCT,HIV_HXB2.fasta,hg18,hg18
GTSP1063-1,CGATAACCGCTCAAAGCGAGNNNNNNNNNNNNCTCCGCTTAAGGGACT,TCATACTGCTAG,m,GAAAATC,TCTAGCA,TGCTAGAGATTTTCCACACTGACTAAAAGGGTCT,HIV_HXB2.fasta,hg18,hg18
GTSP1063-2,CGATAACCGCTCAAAGCGAGNNNNNNNNNNNNCTCCGCTTAAGGGACT,ACTGCCATTAAC,m,GAAAATC,TCTAGCA,TGCTAGAGATTTTCCACACTGACTAAAAGGGTCT,HIV_HXB2.fasta,hg18,hg18
GTSP1063-3,CGATAACCGCTCAAAGCGAGNNNNNNNNNNNNCTCCGCTTAAGGGACT,ATAGCTCCATAC,m,GAAAATC,TCTAGCA,TGCTAGAGATTTTCCACACTGACTAAAAGGGTCT,HIV_HXB2.fasta,hg18,hg18
GTSP1063-4,CGATAACCGCTCAAAGCGAGNNNNNNNNNNNNCTCCGCTTAAGGGACT,GTATACAGAAGG,m,GAAAATC,TCTAGCA,TGCTAGAGATTTTCCACACTGACTAAAAGGGTCT,HIV_HXB2.fasta,hg18,hg18
GTSP1064-1,CGGATAAACGGTACAGACGGNNNNNNNNNNNNCTCCGCTTAAGGGACT,AACCGACAGCGT,m,GAAAATC,TCTAGCA,TGCTAGAGATTTTCCACACTGACTAAAAGGGTCT,HIV_HXB2.fasta,hg18,hg18
GTSP1064-2,CGGATAAACGGTACAGACGGNNNNNNNNNNNNCTCCGCTTAAGGGACT,AACTGAAACGAG,m,GAAAATC,TCTAGCA,TGCTAGAGATTTTCCACACTGACTAAAAGGGTCT,HIV_HXB2.fasta,hg18,hg18
GTSP1064-3,CGGATAAACGGTACAGACGGNNNNNNNNNNNNCTCCGCTTAAGGGACT,GTATAGGTTCGC,m,GAAAATC,TCTAGCA,TGCTAGAGATTTTCCACACTGACTAAAAGGGTCT,HIV_HXB2.fasta,hg18,hg18
GTSP1064-4,CGGATAAACGGTACAGACGGNNNNNNNNNNNNCTCCGCTTAAGGGACT,AGCATATGAGAG,m,GAAAATC,TCTAGCA,TGCTAGAGATTTTCCACACTGACTAAAAGGGTCT,HIV_HXB2.fasta,hg18,hg18
GTSP1065-1,GGTATCAACATGGTCGCCAGNNNNNNNNNNNNCTCCGCTTAAGGGACT,ACGCGATACTGG,m,GAAAATC,TCTAGCA,TGCTAGAGATTTTCCACACTGACTAAAAGGGTCT,HIV_HXB2.fasta,hg18,hg18
GTSP1065-2,GGTATCAACATGGTCGCCAGNNNNNNNNNNNNCTCCGCTTAAGGGACT,CTGAAGAAACGA,m,GAAAATC,TCTAGCA,TGCTAGAGATTTTCCACACTGACTAAAAGGGTCT,HIV_HXB2.fasta,hg18,hg18
GTSP1065-3,GGTATCAACATGGTCGCCAGNNNNNNNNNNNNCTCCGCTTAAGGGACT,CACTTAGGTACT,m,GAAAATC,TCTAGCA,TGCTAGAGATTTTCCACACTGACTAAAAGGGTCT,HIV_HXB2.fasta,hg18,hg18
GTSP1065-4,GGTATCAACATGGTCGCCAGNNNNNNNNNNNNCTCCGCTTAAGGGACT,CATCCTGCATCC,m,GAAAATC,TCTAGCA,TGCTAGAGATTTTCCACACTGACTAAAAGGGTCT,HIV_HXB2.fasta,hg18,hg18
GTSP1065-5,CGGCAGTCAAATCAACCGGANNNNNNNNNNNNCTCCGCTTAAGGGACT,ACGCGATACTGG,m,GAAAATC,TCTAGCA,TGCTAGAGATTTTCCACACTGACTAAAAGGGTCT,HIV_HXB2.fasta,hg18,hg18
GTSP1065-6,CGGCAGTCAAATCAACCGGANNNNNNNNNNNNCTCCGCTTAAGGGACT,CTGAAGAAACGA,m,GAAAATC,TCTAGCA,TGCTAGAGATTTTCCACACTGACTAAAAGGGTCT,HIV_HXB2.fasta,hg18,hg18
GTSP1065-7,CGGCAGTCAAATCAACCGGANNNNNNNNNNNNCTCCGCTTAAGGGACT,CACTTAGGTACT,m,GAAAATC,TCTAGCA,TGCTAGAGATTTTCCACACTGACTAAAAGGGTCT,HIV_HXB2.fasta,hg18,hg18
GTSP1065-8,CGGCAGTCAAATCAACCGGANNNNNNNNNNNNCTCCGCTTAAGGGACT,CATCCTGCATCC,m,GAAAATC,TCTAGCA,TGCTAGAGATTTTCCACACTGACTAAAAGGGTCT,HIV_HXB2.fasta,hg18,hg18
GTSP1065-9,GCTATTGCGATGAAGCAGCCNNNNNNNNNNNNCTCCGCTTAAGGGACT,ACGCGATACTGG,m,GAAAATC,TCTAGCA,TGCTAGAGATTTTCCACACTGACTAAAAGGGTCT,HIV_HXB2.fasta,hg18,hg18
GTSP1065-10,GCTATTGCGATGAAGCAGCCNNNNNNNNNNNNCTCCGCTTAAGGGACT,CTGAAGAAACGA,m,GAAAATC,TCTAGCA,TGCTAGAGATTTTCCACACTGACTAAAAGGGTCT,HIV_HXB2.fasta,hg18,hg18
GTSP1065-11,GCTATTGCGATGAAGCAGCCNNNNNNNNNNNNCTCCGCTTAAGGGACT,CACTTAGGTACT,m,GAAAATC,TCTAGCA,TGCTAGAGATTTTCCACACTGACTAAAAGGGTCT,HIV_HXB2.fasta,hg18,hg18
GTSP1065-12,GCTATTGCGATGAAGCAGCCNNNNNNNNNNNNCTCCGCTTAAGGGACT,CATCCTGCATCC,m,GAAAATC,TCTAGCA,TGCTAGAGATTTTCCACACTGACTAAAAGGGTCT,HIV_HXB2.fasta,hg18,hg18
UninfectedControl-160303-1,TACGGCGAACGACAAGGCATNNNNNNNNNNNNCTCCGCTTAAGGGACT,ACTCTCAAGTGG,m,GAAAATC,TCTAGCA,TGCTAGAGATTTTCCACACTGACTAAAAGGGTCT,HIV_HXB2.fasta,hg18,hg18
UninfectedControl-160303-2,TACGGCGAACGACAAGGCATNNNNNNNNNNNNCTCCGCTTAAGGGACT,GAAATGAAGTGC,m,GAAAATC,TCTAGCA,TGCTAGAGATTTTCCACACTGACTAAAAGGGTCT,HIV_HXB2.fasta,hg18,hg18
UninfectedControl-160303-3,TACGGCGAACGACAAGGCATNNNNNNNNNNNNCTCCGCTTAAGGGACT,GTGGTGGATTCT,m,GAAAATC,TCTAGCA,TGCTAGAGATTTTCCACACTGACTAAAAGGGTCT,HIV_HXB2.fasta,hg18,hg18
UninfectedControl-160303-4,TACGGCGAACGACAAGGCATNNNNNNNNNNNNCTCCGCTTAAGGGACT,CTTTGACTTGAG,m,GAAAATC,TCTAGCA,TGCTAGAGATTTTCCACACTGACTAAAAGGGTCT,HIV_HXB2.fasta,hg18,hg18
NoTemplateControl-160303-1,GCGCGAATGGAAATCGGTAGNNNNNNNNNNNNCTCCGCTTAAGGGACT,CAGGCTAGGTAC,m,GAAAATC,TCTAGCA,TGCTAGAGATTTTCCACACTGACTAAAAGGGTCT,HIV_HXB2.fasta,hg18,hg18
NoTemplateControl-160303-2,GCGCGAATGGAAATCGGTAGNNNNNNNNNNNNCTCCGCTTAAGGGACT,ACGTACTCAGTG,m,GAAAATC,TCTAGCA,TGCTAGAGATTTTCCACACTGACTAAAAGGGTCT,HIV_HXB2.fasta,hg18,hg18
NoTemplateControl-160303-3,GCGCGAATGGAAATCGGTAGNNNNNNNNNNNNCTCCGCTTAAGGGACT,CGTATTGCTTGA,m,GAAAATC,TCTAGCA,TGCTAGAGATTTTCCACACTGACTAAAAGGGTCT,HIV_HXB2.fasta,hg18,hg18
NoTemplateControl-160303-4,GCGCGAATGGAAATCGGTAGNNNNNNNNNNNNCTCCGCTTAAGGGACT,TGTTCCAACATG,m,GAAAATC,TCTAGCA,TGCTAGAGATTTTCCACACTGACTAAAAGGGTCT,HIV_HXB2.fasta,hg18,hg18