alias,linkerSequence,bcSeq,gender,primer,ltrBit,largeLTRFrag,vectorSeq
iSL_01-801,ACTTAAACTTCCGCATGGCGTNNNNNNNNNNNNCTCCGCTTAAGGGACT,CAGTACGATCTT,f,GAAAATC,TCTAGCA,TGCTAGAGATTTTCCACACTGACTAAAAGGGTCT,GeneTrap_lenti_vector.fasta
iSL_02-802,TGACCCTTCGGATTTACCCGNNNNNNNNNNNNCTCCGCTTAAGGGACT,TGGAAGATGAGT,f,GAAAATC,TCTAGCA,TGCTAGAGATTTTCCACACTGACTAAAAGGGTCT,GeneTrap_lenti_vector.fasta
iSL_03-803,GTTGCCGACTTAACACTGCCNNNNNNNNNNNNCTCCGCTTAAGGGACT,GAACTGTATCTC,f,GAAAATC,TCTAGCA,TGCTAGAGATTTTCCACACTGACTAAAAGGGTCT,GeneTrap_lenti_vector.fasta
iSL_04-804,CGGCTTACAATTCCTGCGACNNNNNNNNNNNNCTCCGCTTAAGGGACT,TGGGATGCATGC,f,GAAAATC,TCTAGCA,TGCTAGAGATTTTCCACACTGACTAAAAGGGTCT,GeneTrap_lenti_vector.fasta
iSL_05-805,GAACGAGCACTAGTAAGCCCNNNNNNNNNNNNCTCCGCTTAAGGGACT,CTCGATTAGATC,f,GAAAATC,TCTAGCA,TGCTAGAGATTTTCCACACTGACTAAAAGGGTCT,GeneTrap_lenti_vector.fasta
iSL_06-806,GTAGGTACCGTTGTAGGCCTNNNNNNNNNNNNCTCCGCTTAAGGGACT,CGGCGCAAGATT,f,GAAAATC,TCTAGCA,TGCTAGAGATTTTCCACACTGACTAAAAGGGTCT,GeneTrap_lenti_vector.fasta
iSL_07-807,AACCGAGATGTGATCGGACGNNNNNNNNNNNNCTCCGCTTAAGGGACT,GATGGGATTTCC,f,GAAAATC,TCTAGCA,TGCTAGAGATTTTCCACACTGACTAAAAGGGTCT,GeneTrap_lenti_vector.fasta
iSL_08-808,GCATCCGTCCTTATTCGGGANNNNNNNNNNNNCTCCGCTTAAGGGACT,GTATTGACGGTC,f,GAAAATC,TCTAGCA,TGCTAGAGATTTTCCACACTGACTAAAAGGGTCT,GeneTrap_lenti_vector.fasta
iSL_09-809,GGAAATCATTGCCGTCCAGCNNNNNNNNNNNNCTCCGCTTAAGGGACT,AAGCCGTTCCAA,f,GAAAATC,TCTAGCA,TGCTAGAGATTTTCCACACTGACTAAAAGGGTCT,GeneTrap_lenti_vector.fasta
iSL_10-810,CGCCAATTGAGACTACACCCNNNNNNNNNNNNCTCCGCTTAAGGGACT,TCGGACCTAGGA,f,GAAAATC,TCTAGCA,TGCTAGAGATTTTCCACACTGACTAAAAGGGTCT,GeneTrap_lenti_vector.fasta
iSL_11-811,GAAGGAGGAGATAACGCTGCNNNNNNNNNNNNCTCCGCTTAAGGGACT,TGATAGTGAGGA,f,GAAAATC,TCTAGCA,TGCTAGAGATTTTCCACACTGACTAAAAGGGTCT,GeneTrap_lenti_vector.fasta
iSL_12-812,GACAGACTTGTTGGTCGTCCNNNNNNNNNNNNCTCCGCTTAAGGGACT,AGTACTGCAGGC,f,GAAAATC,TCTAGCA,TGCTAGAGATTTTCCACACTGACTAAAAGGGTCT,GeneTrap_lenti_vector.fasta
iSL_13-813,TCGAAAGGGCATCAACGCGANNNNNNNNNNNNCTCCGCTTAAGGGACT,GTGAACTTGGGC,f,GAAAATC,TCTAGCA,TGCTAGAGATTTTCCACACTGACTAAAAGGGTCT,GeneTrap_lenti_vector.fasta
iSL_14-814,AGCAGGTCCGAAATTCTCGGNNNNNNNNNNNNCTCCGCTTAAGGGACT,CCTCCTCTTTAT,f,GAAAATC,TCTAGCA,TGCTAGAGATTTTCCACACTGACTAAAAGGGTCT,GeneTrap_lenti_vector.fasta
iSL_15-815,ACCACTAATACGCCTGACGGNNNNNNNNNNNNCTCCGCTTAAGGGACT,AAGATTCGGCGC,f,GAAAATC,TCTAGCA,TGCTAGAGATTTTCCACACTGACTAAAAGGGTCT,GeneTrap_lenti_vector.fasta
iSL_16-816,TCCACGGTCGTAATTGCTCGNNNNNNNNNNNNCTCCGCTTAAGGGACT,GCATGCTGGGAT,f,GAAAATC,TCTAGCA,TGCTAGAGATTTTCCACACTGACTAAAAGGGTCT,GeneTrap_lenti_vector.fasta
iSL_17-817,TTGCGGGATTGGTAAGGTGCNNNNNNNNNNNNCTCCGCTTAAGGGACT,TTGTCTGGAAGC,f,GAAAATC,TCTAGCA,TGCTAGAGATTTTCCACACTGACTAAAAGGGTCT,GeneTrap_lenti_vector.fasta
iSL_18-818,CGATAACCGCTCAAAGCGAGNNNNNNNNNNNNCTCCGCTTAAGGGACT,TCAGGACTGTGT,f,GAAAATC,TCTAGCA,TGCTAGAGATTTTCCACACTGACTAAAAGGGTCT,GeneTrap_lenti_vector.fasta
iSL_19-819,CGGATAAACGGTACAGACGGNNNNNNNNNNNNCTCCGCTTAAGGGACT,GCGCCGTATAAT,f,GAAAATC,TCTAGCA,TGCTAGAGATTTTCCACACTGACTAAAAGGGTCT,GeneTrap_lenti_vector.fasta
iSL_20-820,GGTATCAACATGGTCGCCAGNNNNNNNNNNNNCTCCGCTTAAGGGACT,TGCCATCTGAAT,f,GAAAATC,TCTAGCA,TGCTAGAGATTTTCCACACTGACTAAAAGGGTCT,GeneTrap_lenti_vector.fasta
iSL_21-821,CGGCAGTCAAATCAACCGGANNNNNNNNNNNNCTCCGCTTAAGGGACT,GAGTCGCGTTTA,f,GAAAATC,TCTAGCA,TGCTAGAGATTTTCCACACTGACTAAAAGGGTCT,GeneTrap_lenti_vector.fasta
iSL_22-822,GCTATTGCGATGAAGCAGCCNNNNNNNNNNNNCTCCGCTTAAGGGACT,TAGTACCCGAGG,f,GAAAATC,TCTAGCA,TGCTAGAGATTTTCCACACTGACTAAAAGGGTCT,GeneTrap_lenti_vector.fasta
iSL_23-823,GGTAAGTGCGACTAAGCAGCNNNNNNNNNNNNCTCCGCTTAAGGGACT,GATACAGGTGAA,f,GAAAATC,TCTAGCA,TGCTAGAGATTTTCCACACTGACTAAAAGGGTCT,GeneTrap_lenti_vector.fasta
iSL_24-824,TCTATGTAACGAGTCTCAGCCNNNNNNNNNNNNCTCCGCTTAAGGGACT,CATGACCTGGAG,f,GAAAATC,TCTAGCA,TGCTAGAGATTTTCCACACTGACTAAAAGGGTCT,GeneTrap_lenti_vector.fasta
